dataset,algorithm,avg,max,min,recall,ivf_nprobe,epsilon,knn,n_queries,selectivity,num_measure_runs,avg_all,max_all,min_all
sift-128-euclidean,adsampling,6.7139,11.7283,1.73877,0.998339,2048,0,100,1000,0.2,1,6.778,18.28,1.739
sift-128-euclidean,adsampling,5.6125,9.87907,1.46242,0.998309,1536,0,100,1000,0.2,1,5.668,15.61,1.388
sift-128-euclidean,adsampling,4.30683,7.33513,1.2501,0.998279,1024,0,100,1000,0.2,1,4.362,11.33,1.085
sift-128-euclidean,adsampling,2.69051,4.43999,0.886354,0.997599,512,0,100,1000,0.2,1,2.715,8.671,0.6592
sift-128-euclidean,adsampling,2.1973,3.59703,0.77191,0.997039,384,0,100,1000,0.2,1,2.219,7.727,0.5472
sift-128-euclidean,adsampling,1.66492,2.70306,0.643375,0.994308,256,0,100,1000,0.2,1,1.676,7.207,0.4488
sift-128-euclidean,adsampling,1.51331,2.40034,0.599365,0.992708,224,0,100,1000,0.2,1,1.524,6.507,0.4229
sift-128-euclidean,adsampling,1.3254,2.0832,0.576367,0.989548,192,0,100,1000,0.2,1,1.327,6.112,0.3778
sift-128-euclidean,adsampling,1.19565,1.82229,0.54561,0.985378,160,0,100,1000,0.2,1,1.196,6.017,0.3563
sift-128-euclidean,adsampling,1.08296,1.65,0.519925,0.981668,144,0,100,1000,0.2,1,1.076,5.719,0.334
sift-128-euclidean,adsampling,1.0233,1.52607,0.504676,0.976868,128,0,100,1000,0.2,1,1.016,5.83,0.3178
sift-128-euclidean,adsampling,0.906695,1.35911,0.456011,0.972968,112,0,100,1000,0.2,1,0.9019,5.687,0.3054
sift-128-euclidean,adsampling,0.834823,1.21397,0.450063,0.964388,96,0,100,1000,0.2,1,0.8286,5.448,0.2948
sift-128-euclidean,adsampling,0.709954,1.02796,0.389716,0.944259,80,0,100,1000,0.2,1,0.707,5.492,0.2713
sift-128-euclidean,adsampling,0.609225,0.86905,0.342631,0.927199,64,0,100,1000,0.2,1,0.6089,5.237,0.248
sift-128-euclidean,adsampling,0.551554,0.787666,0.316283,0.921018,56,0,100,1000,0.2,1,0.5522,5.422,0.2301
sift-128-euclidean,adsampling,0.495255,0.696945,0.288964,0.905099,48,0,100,1000,0.2,1,0.4921,0.7614,0.2171
sift-128-euclidean,adsampling,0.435033,0.614094,0.255114,0.883829,40,0,100,1000,0.2,1,0.4378,5.056,0.1961
sift-128-euclidean,adsampling,0.371127,0.520272,0.222319,0.852269,32,0,100,1000,0.2,1,0.3752,5.115,0.1723
sift-128-euclidean,adsampling,0.345877,0.491657,0.197069,0.83279,28,0,100,1000,0.2,1,0.3457,0.5301,0.161
sift-128-euclidean,adsampling,0.321233,0.450055,0.192015,0.82041,26,0,100,1000,0.2,1,0.3214,0.4972,0.1539
sift-128-euclidean,adsampling,0.304412,0.425701,0.181683,0.80757,24,0,100,1000,0.2,1,0.3049,0.4672,0.1479
sift-128-euclidean,adsampling,0.287134,0.401032,0.170033,0.79221,22,0,100,1000,0.2,1,0.2875,0.4339,0.1427
sift-128-euclidean,adsampling,0.269891,0.378693,0.161529,0.77498,20,0,100,1000,0.2,1,0.27,0.4257,0.136
sift-128-euclidean,adsampling,0.251256,0.347218,0.152076,0.7549,18,0,100,1000,0.2,1,0.2566,4.986,0.1299
sift-128-euclidean,adsampling,0.236389,0.329781,0.147735,0.732571,16,0,100,1000,0.2,1,0.2413,4.95,0.1177
sift-128-euclidean,adsampling,0.212938,0.291051,0.135934,0.70471,14,0,100,1000,0.2,1,0.2136,0.3314,0.1137
sift-128-euclidean,adsampling,0.192851,0.260994,0.122183,0.6737,12,0,100,1000,0.2,1,0.1937,0.3068,0.1089
sift-128-euclidean,adsampling,0.171732,0.233905,0.111034,0.63348,10,0,100,1000,0.2,1,0.1728,0.2888,0.09807
sift-128-euclidean,adsampling,0.14946,0.203074,0.097489,0.58386,8,0,100,1000,0.2,1,0.1505,0.2586,0.08853
sift-128-euclidean,adsampling,0.125192,0.168257,0.086102,0.52092,6,0,100,1000,0.2,1,0.1265,0.1987,0.07874
sift-128-euclidean,adsampling,0.0989196,0.13444,0.066605,0.43443,4,0,100,1000,0.2,1,0.1,0.1768,0.0666
sift-128-euclidean,adsampling,0.0678813,0.089877,0.046247,0.29348,2,0,100,1000,0.2,1,0.06844,0.1254,0.04142
sift-128-euclidean,adsampling,0.0459366,0.062786,0.029329,0.1857,1,0,100,1000,0.2,1,0.0462,0.08698,0.02808
yi-128-ip,adsampling,5.81615,6.50762,5.11583,0.988308,512,0,100,1000,0.2,1,5.781,6.864,3.308
yi-128-ip,adsampling,4.26168,4.97115,3.56264,0.84338,384,0,100,1000,0.2,1,4.251,5.555,2.669
yi-128-ip,adsampling,2.76715,3.42085,2.10889,0.83333,256,0,100,1000,0.2,1,2.768,4.26,1.918
yi-128-ip,adsampling,2.36665,2.99912,1.72358,0.82802,224,0,100,1000,0.2,1,2.37,3.369,1.645
yi-128-ip,adsampling,2.02745,2.56504,1.48039,0.82151,192,0,100,1000,0.2,1,2.032,3.463,1.393
yi-128-ip,adsampling,1.6439,2.13833,1.11214,0.81252,160,0,100,1000,0.2,1,1.649,2.744,1.112
yi-128-ip,adsampling,1.45929,1.95373,0.990092,0.80636,144,0,100,1000,0.2,1,1.463,2.57,0.9901
yi-128-ip,adsampling,1.31261,1.77396,0.860798,0.79917,128,0,100,1000,0.2,1,1.317,2.292,0.8608
yi-128-ip,adsampling,1.12465,1.55729,0.707236,0.78958,112,0,100,1000,0.2,1,1.129,2.375,0.7072
yi-128-ip,adsampling,0.950281,1.34333,0.57787,0.77965,96,0,100,1000,0.2,1,0.9528,1.641,0.5779
yi-128-ip,adsampling,0.784224,1.12345,0.472257,0.76563,80,0,100,1000,0.2,1,0.7872,1.88,0.4723
yi-128-ip,adsampling,0.631236,0.912048,0.368261,0.74749,64,0,100,1000,0.2,1,0.6343,1.612,0.3683
yi-128-ip,adsampling,0.539848,0.795663,0.308597,0.73509,56,0,100,1000,0.2,1,0.542,1.4,0.3086
yi-128-ip,adsampling,0.459398,0.678559,0.260748,0.72084,48,0,100,1000,0.2,1,0.4607,0.7296,0.2607
yi-128-ip,adsampling,0.380829,0.567442,0.215241,0.69984,40,0,100,1000,0.2,1,0.3835,1.328,0.2152
yi-128-ip,adsampling,0.309425,0.464176,0.170325,0.67601,32,0,100,1000,0.2,1,0.3109,0.5224,0.1703
yi-128-ip,adsampling,0.265898,0.412244,0.145166,0.661959,28,0,100,1000,0.2,1,0.267,0.4437,0.1452
yi-128-ip,adsampling,0.247928,0.384495,0.135758,0.65122,26,0,100,1000,0.2,1,0.2489,0.4211,0.1358
yi-128-ip,adsampling,0.231207,0.360199,0.127937,0.641359,24,0,100,1000,0.2,1,0.2318,0.4207,0.1279
yi-128-ip,adsampling,0.213087,0.334868,0.110997,0.63436,22,0,100,1000,0.2,1,0.2138,0.3586,0.111
yi-128-ip,adsampling,0.19485,0.307358,0.106248,0.61977,20,0,100,1000,0.2,1,0.1958,0.3307,0.1062
yi-128-ip,adsampling,0.17789,0.279289,0.097139,0.60677,18,0,100,1000,0.2,1,0.1796,1.134,0.09714
yi-128-ip,adsampling,0.160785,0.24928,0.088789,0.59189,16,0,100,1000,0.2,1,0.1619,0.2796,0.08879
yi-128-ip,adsampling,0.144638,0.22492,0.083417,0.56947,14,0,100,1000,0.2,1,0.1457,0.2483,0.08342
yi-128-ip,adsampling,0.128028,0.199648,0.070447,0.54792,12,0,100,1000,0.2,1,0.1287,0.2227,0.07045
yi-128-ip,adsampling,0.111379,0.171939,0.064345,0.51577,10,0,100,1000,0.2,1,0.1121,0.1904,0.06434
yi-128-ip,adsampling,0.0940853,0.142094,0.056429,0.49589,8,0,100,1000,0.2,1,0.09519,0.1594,0.05643
yi-128-ip,adsampling,0.0781258,0.115191,0.05044,0.45322,6,0,100,1000,0.2,1,0.07924,0.1346,0.05044
yi-128-ip,adsampling,0.0624102,0.08953,0.038015,0.39072,4,0,100,1000,0.2,1,0.06338,0.1139,0.03802
yi-128-ip,adsampling,0.0463816,0.066722,0.026514,0.27744,2,0,100,1000,0.2,1,0.04665,0.08754,0.02517
yi-128-ip,adsampling,0.0340529,0.05043,0.019036,0.17519,1,0,100,1000,0.2,1,0.03441,0.05817,0.01904
llama-128-ip,adsampling,6.04645,6.86137,5.49911,0.995069,512,0,100,1000,0.2,1,6.074,7.534,5.499
llama-128-ip,adsampling,4.15941,5.01323,3.64462,0.954868,384,0,100,1000,0.2,1,4.196,5.919,3.645
llama-128-ip,adsampling,2.42537,3.1839,1.93765,0.940169,256,0,100,1000,0.2,1,2.458,3.82,1.938
llama-128-ip,adsampling,2.03692,2.72961,1.58778,0.932018,224,0,100,1000,0.2,1,2.069,3.529,1.588
llama-128-ip,adsampling,1.67753,2.2927,1.31259,0.919668,192,0,100,1000,0.2,1,1.704,3.214,1.313
llama-128-ip,adsampling,1.33128,1.86304,0.995325,0.902259,160,0,100,1000,0.2,1,1.357,2.56,0.9953
llama-128-ip,adsampling,1.16079,1.64102,0.87577,0.890189,144,0,100,1000,0.2,1,1.182,2.45,0.8758
llama-128-ip,adsampling,1.03065,1.46253,0.775965,0.87596,128,0,100,1000,0.2,1,1.053,2.276,0.776
llama-128-ip,adsampling,0.869294,1.23864,0.666412,0.857709,112,0,100,1000,0.2,1,0.8882,2.096,0.6664
llama-128-ip,adsampling,0.748796,1.07138,0.574191,0.83473,96,0,100,1000,0.2,1,0.7669,2.077,0.5742
llama-128-ip,adsampling,0.616166,0.876415,0.481843,0.80723,80,0,100,1000,0.2,1,0.6306,1.886,0.4818
llama-128-ip,adsampling,0.483934,0.672308,0.376209,0.77108,64,0,100,1000,0.2,1,0.4955,1.804,0.3762
llama-128-ip,adsampling,0.42438,0.591226,0.331591,0.74819,56,0,100,1000,0.2,1,0.4346,1.796,0.3316
llama-128-ip,adsampling,0.365871,0.507595,0.286503,0.71721,48,0,100,1000,0.2,1,0.3746,1.563,0.2865
llama-128-ip,adsampling,0.309637,0.427028,0.236032,0.68448,40,0,100,1000,0.2,1,0.3167,1.621,0.236
llama-128-ip,adsampling,0.254651,0.346073,0.188963,0.64027,32,0,100,1000,0.2,1,0.2588,0.4939,0.189
llama-128-ip,adsampling,0.228035,0.310196,0.17426,0.61236,28,0,100,1000,0.2,1,0.2311,0.4444,0.1743
llama-128-ip,adsampling,0.215119,0.29271,0.165324,0.59688,26,0,100,1000,0.2,1,0.2185,1.448,0.1653
llama-128-ip,adsampling,0.201396,0.276406,0.154186,0.58126,24,0,100,1000,0.2,1,0.2045,1.426,0.1542
llama-128-ip,adsampling,0.188001,0.257883,0.142239,0.56527,22,0,100,1000,0.2,1,0.1896,0.352,0.1422
llama-128-ip,adsampling,0.176467,0.240695,0.133289,0.54435,20,0,100,1000,0.2,1,0.1777,0.3372,0.1333
llama-128-ip,adsampling,0.162073,0.219383,0.120707,0.52254,18,0,100,1000,0.2,1,0.1631,0.306,0.1207
llama-128-ip,adsampling,0.14832,0.200963,0.11364,0.49836,16,0,100,1000,0.2,1,0.1491,0.2878,0.1136
llama-128-ip,adsampling,0.13519,0.182199,0.104342,0.47102,14,0,100,1000,0.2,1,0.1358,0.2535,0.1043
llama-128-ip,adsampling,0.121885,0.164095,0.092467,0.44141,12,0,100,1000,0.2,1,0.1235,1.344,0.09247
llama-128-ip,adsampling,0.108781,0.148174,0.081879,0.4077,10,0,100,1000,0.2,1,0.1091,0.1789,0.08188
llama-128-ip,adsampling,0.0951273,0.129219,0.070557,0.36558,8,0,100,1000,0.2,1,0.09526,0.1477,0.07056
llama-128-ip,adsampling,0.080943,0.11089,0.060938,0.31746,6,0,100,1000,0.2,1,0.08098,0.1175,0.06094
llama-128-ip,adsampling,0.066152,0.087567,0.049859,0.25554,4,0,100,1000,0.2,1,0.06618,0.0902,0.04986
llama-128-ip,adsampling,0.0506446,0.066308,0.035951,0.16847,2,0,100,1000,0.2,1,0.05072,0.1075,0.03595
llama-128-ip,adsampling,0.0387206,0.050682,0.030216,0.10031,1,0,100,1000,0.2,1,0.0388,0.06392,0.02459
glove-200-angular,adsampling,25.4769,47.2566,4.23768,0.976758,2048,0,100,1000,0.2,1,25.5,50.15,4.238
glove-200-angular,adsampling,20.0202,36.8049,3.31814,0.973268,1536,0,100,1000,0.2,1,20.04,39.09,3.318
glove-200-angular,adsampling,14.0315,24.6031,3.13718,0.963169,1024,0,100,1000,0.2,1,14.1,28.23,2.385
glove-200-angular,adsampling,7.65053,13.3378,2.2046,0.930069,512,0,100,1000,0.2,1,7.689,19.51,1.286
glove-200-angular,adsampling,5.98332,9.61267,2.0209,0.911469,384,0,100,1000,0.2,1,5.997,15.66,1.038
glove-200-angular,adsampling,4.25297,6.63613,1.62984,0.883109,256,0,100,1000,0.2,1,4.251,15.09,0.7522
glove-200-angular,adsampling,3.80985,6.09269,1.53184,0.873129,224,0,100,1000,0.2,1,3.794,13.19,0.6666
glove-200-angular,adsampling,3.34193,5.2684,1.38517,0.859769,192,0,100,1000,0.2,1,3.336,12.31,0.5808
glove-200-angular,adsampling,2.87686,4.41679,1.28026,0.844999,160,0,100,1000,0.2,1,2.868,12.6,0.5007
glove-200-angular,adsampling,2.64073,4.05777,1.23142,0.83489,144,0,100,1000,0.2,1,2.619,11.33,0.4636
glove-200-angular,adsampling,2.3965,3.67704,1.1134,0.821949,128,0,100,1000,0.2,1,2.381,10.83,0.4224
glove-200-angular,adsampling,2.13298,3.28232,0.974825,0.808669,112,0,100,1000,0.2,1,2.13,11.18,0.3745
glove-200-angular,adsampling,1.8873,2.79148,0.926557,0.792719,96,0,100,1000,0.2,1,1.885,10.44,0.3461
glove-200-angular,adsampling,1.62509,2.36728,0.857154,0.773409,80,0,100,1000,0.2,1,1.614,10.18,0.2938
glove-200-angular,adsampling,1.34216,1.93769,0.714768,0.752539,64,0,100,1000,0.2,1,1.332,9.548,0.2612
glove-200-angular,adsampling,1.22929,1.75049,0.68593,0.7382,56,0,100,1000,0.2,1,1.229,9.885,0.2434
glove-200-angular,adsampling,1.07805,1.54265,0.616808,0.72101,48,0,100,1000,0.2,1,1.071,9.195,0.216
glove-200-angular,adsampling,0.947593,1.34355,0.540566,0.69882,40,0,100,1000,0.2,1,0.9423,9.036,0.1987
glove-200-angular,adsampling,0.786368,1.09852,0.46915,0.673549,32,0,100,1000,0.2,1,0.7843,9.306,0.1778
glove-200-angular,adsampling,0.722358,1.00121,0.432735,0.657999,28,0,100,1000,0.2,1,0.722,9.09,0.1652
glove-200-angular,adsampling,0.679684,0.942489,0.409555,0.65038,26,0,100,1000,0.2,1,0.6802,9.227,0.1593
glove-200-angular,adsampling,0.643533,0.89871,0.386908,0.64131,24,0,100,1000,0.2,1,0.6366,1.007,0.1433
glove-200-angular,adsampling,0.603102,0.848964,0.35884,0.630739,22,0,100,1000,0.2,1,0.6061,9.016,0.1401
glove-200-angular,adsampling,0.561712,0.787759,0.34159,0.6182,20,0,100,1000,0.2,1,0.5655,9.052,0.1322
glove-200-angular,adsampling,0.520494,0.72164,0.315453,0.60579,18,0,100,1000,0.2,1,0.5248,9.102,0.1214
glove-200-angular,adsampling,0.477939,0.668961,0.287894,0.59091,16,0,100,1000,0.2,1,0.4753,0.7437,0.1176
glove-200-angular,adsampling,0.435332,0.61509,0.259844,0.57455,14,0,100,1000,0.2,1,0.4332,0.6684,0.111
glove-200-angular,adsampling,0.390833,0.540185,0.242764,0.55438,12,0,100,1000,0.2,1,0.3886,0.5917,0.1037
glove-200-angular,adsampling,0.343252,0.476145,0.215213,0.53173,10,0,100,1000,0.2,1,0.3423,0.5458,0.09397
glove-200-angular,adsampling,0.29744,0.419964,0.181347,0.50298,8,0,100,1000,0.2,1,0.297,0.4611,0.08703
glove-200-angular,adsampling,0.247336,0.342109,0.151141,0.46325,6,0,100,1000,0.2,1,0.2554,8.787,0.08253
glove-200-angular,adsampling,0.192624,0.270649,0.111028,0.40507,4,0,100,1000,0.2,1,0.1929,0.2884,0.06782
glove-200-angular,adsampling,0.132382,0.197037,0.069138,0.3037,2,0,100,1000,0.2,1,0.1324,0.2018,0.06062
glove-200-angular,adsampling,0.090113,0.145993,0.044275,0.20344,1,0,100,1000,0.2,1,0.09024,0.157,0.04428
yandex-200-cosine,adsampling,20.8261,35.8017,7.18095,0.996769,2048,0,100,1000,0.2,1,21.09,44.3,7.181
yandex-200-cosine,adsampling,16.0618,27.5123,5.7473,0.985609,1536,0,100,1000,0.2,1,16.34,35.76,5.747
yandex-200-cosine,adsampling,11.7429,19.862,4.24859,0.985049,1024,0,100,1000,0.2,1,11.84,27,4.249
yandex-200-cosine,adsampling,6.56696,10.5709,2.58697,0.982048,512,0,100,1000,0.2,1,6.657,15.87,2.587
yandex-200-cosine,adsampling,5.15804,8.28916,2.11319,0.979188,384,0,100,1000,0.2,1,5.233,14.09,2.113
yandex-200-cosine,adsampling,3.68631,5.78881,1.65246,0.969858,256,0,100,1000,0.2,1,3.741,11.26,1.652
yandex-200-cosine,adsampling,3.30384,5.20186,1.51646,0.969648,224,0,100,1000,0.2,1,3.347,11.35,1.516
yandex-200-cosine,adsampling,2.89971,4.44914,1.56722,0.965259,192,0,100,1000,0.2,1,2.944,11.25,1.356
yandex-200-cosine,adsampling,2.48501,3.72251,1.2184,0.956448,160,0,100,1000,0.2,1,2.522,10.67,1.218
yandex-200-cosine,adsampling,2.27224,3.44178,1.15048,0.955508,144,0,100,1000,0.2,1,2.315,10.13,1.15
yandex-200-cosine,adsampling,2.05629,3.07563,1.08276,0.950108,128,0,100,1000,0.2,1,2.092,9.357,1.083
yandex-200-cosine,adsampling,1.8354,2.72302,0.980047,0.943878,112,0,100,1000,0.2,1,1.87,9.393,0.98
yandex-200-cosine,adsampling,1.61481,2.35751,0.921393,0.931408,96,0,100,1000,0.2,1,1.642,8.956,0.8621
yandex-200-cosine,adsampling,1.38581,2.01475,0.800758,0.925078,80,0,100,1000,0.2,1,1.415,8.394,0.7382
yandex-200-cosine,adsampling,1.14807,1.60986,0.68176,0.906968,64,0,100,1000,0.2,1,1.177,8.403,0.6141
yandex-200-cosine,adsampling,1.02869,1.4344,0.627135,0.895119,56,0,100,1000,0.2,1,1.058,8.361,0.5339
yandex-200-cosine,adsampling,0.908123,1.25421,0.566267,0.886049,48,0,100,1000,0.2,1,0.9353,8.151,0.4744
yandex-200-cosine,adsampling,0.782387,1.07572,0.501744,0.868809,40,0,100,1000,0.2,1,0.8021,8,0.4198
yandex-200-cosine,adsampling,0.655931,0.885751,0.436435,0.842289,32,0,100,1000,0.2,1,0.6738,7.971,0.3605
yandex-200-cosine,adsampling,0.588125,0.785416,0.401801,0.826569,28,0,100,1000,0.2,1,0.605,7.862,0.3321
yandex-200-cosine,adsampling,0.556902,0.736111,0.384076,0.816119,26,0,100,1000,0.2,1,0.5727,7.867,0.3233
yandex-200-cosine,adsampling,0.523595,0.693822,0.356712,0.805739,24,0,100,1000,0.2,1,0.5387,7.725,0.3049
yandex-200-cosine,adsampling,0.483295,0.640929,0.337633,0.79325,22,0,100,1000,0.2,1,0.4973,7.516,0.2903
yandex-200-cosine,adsampling,0.454752,0.590623,0.323143,0.78071,20,0,100,1000,0.2,1,0.4686,7.722,0.2791
yandex-200-cosine,adsampling,0.420692,0.549369,0.29911,0.76435,18,0,100,1000,0.2,1,0.4265,0.843,0.2664
yandex-200-cosine,adsampling,0.385453,0.503267,0.27557,0.746659,16,0,100,1000,0.2,1,0.3978,7.666,0.2479
yandex-200-cosine,adsampling,0.345353,0.449124,0.247127,0.725169,14,0,100,1000,0.2,1,0.3565,7.603,0.2261
yandex-200-cosine,adsampling,0.309174,0.397008,0.224281,0.69889,12,0,100,1000,0.2,1,0.32,7.412,0.2138
yandex-200-cosine,adsampling,0.275619,0.355757,0.197223,0.6672,10,0,100,1000,0.2,1,0.2857,7.469,0.1972
yandex-200-cosine,adsampling,0.234845,0.301293,0.168739,0.62514,8,0,100,1000,0.2,1,0.2363,0.428,0.1677
yandex-200-cosine,adsampling,0.196623,0.253591,0.139779,0.57288,6,0,100,1000,0.2,1,0.1982,0.3596,0.1381
yandex-200-cosine,adsampling,0.153543,0.199955,0.11051,0.49467,4,0,100,1000,0.2,1,0.1617,7.254,0.1006
yandex-200-cosine,adsampling,0.105958,0.143949,0.068439,0.35733,2,0,100,1000,0.2,1,0.1068,0.1718,0.06581
yandex-200-cosine,adsampling,0.0740848,0.107305,0.040848,0.2416,1,0,100,1000,0.2,1,0.07449,0.1234,0.03813
yahoo-minilm-384-normalized,adsampling,12.3682,22.6195,3.76013,0.997079,2048,0,100,1000,0.2,1,12.66,32.07,3.76
yahoo-minilm-384-normalized,adsampling,9.48765,17.4167,2.8594,0.987478,1536,0,100,1000,0.2,1,9.75,34.94,2.859
yahoo-minilm-384-normalized,adsampling,7.0016,13.1422,2.29046,0.986928,1024,0,100,1000,0.2,1,7.227,24.91,2.29
yahoo-minilm-384-normalized,adsampling,4.19337,7.72102,1.49718,0.984098,512,0,100,1000,0.2,1,4.311,14.85,1.497
yahoo-minilm-384-normalized,adsampling,3.41474,6.22515,1.25089,0.981838,384,0,100,1000,0.2,1,3.504,12.75,1.251
yahoo-minilm-384-normalized,adsampling,2.57769,4.66824,0.923949,0.977068,256,0,100,1000,0.2,1,2.636,11.62,0.9239
yahoo-minilm-384-normalized,adsampling,2.3548,4.26823,0.847298,0.974438,224,0,100,1000,0.2,1,2.401,11.16,0.8473
yahoo-minilm-384-normalized,adsampling,2.12126,3.80962,0.778977,0.971878,192,0,100,1000,0.2,1,2.162,10.31,0.779
yahoo-minilm-384-normalized,adsampling,1.8791,3.35571,0.693007,0.968388,160,0,100,1000,0.2,1,1.917,10.04,0.693
yahoo-minilm-384-normalized,adsampling,1.7557,3.14796,0.631166,0.964858,144,0,100,1000,0.2,1,1.788,10.34,0.6312
yahoo-minilm-384-normalized,adsampling,1.62339,2.91079,0.579666,0.960907,128,0,100,1000,0.2,1,1.655,9.723,0.5797
yahoo-minilm-384-normalized,adsampling,1.48662,2.59692,0.530643,0.957278,112,0,100,1000,0.2,1,1.518,9.991,0.5306
yahoo-minilm-384-normalized,adsampling,1.34484,2.28233,0.483219,0.952748,96,0,100,1000,0.2,1,1.368,8.504,0.4832
yahoo-minilm-384-normalized,adsampling,1.19916,2.08467,0.416815,0.945058,80,0,100,1000,0.2,1,1.217,9.187,0.4168
yahoo-minilm-384-normalized,adsampling,1.03947,1.77893,0.358531,0.929347,64,0,100,1000,0.2,1,1.048,8.332,0.3585
yahoo-minilm-384-normalized,adsampling,0.945731,1.60031,0.332144,0.927248,56,0,100,1000,0.2,1,0.9548,8.304,0.3321
yahoo-minilm-384-normalized,adsampling,0.866119,1.45276,0.303649,0.915518,48,0,100,1000,0.2,1,0.8757,8.879,0.3036
yahoo-minilm-384-normalized,adsampling,0.761444,1.25927,0.26914,0.904839,40,0,100,1000,0.2,1,0.7794,8.694,0.2691
yahoo-minilm-384-normalized,adsampling,0.676407,1.0885,0.241985,0.892268,32,0,100,1000,0.2,1,0.6852,8.382,0.242
yahoo-minilm-384-normalized,adsampling,0.62231,0.989201,0.275646,0.882249,28,0,100,1000,0.2,1,0.6304,8.1,0.2283
yahoo-minilm-384-normalized,adsampling,0.589646,0.928986,0.263391,0.875759,26,0,100,1000,0.2,1,0.598,8.057,0.2197
yahoo-minilm-384-normalized,adsampling,0.569235,0.898311,0.260114,0.868079,24,0,100,1000,0.2,1,0.5701,0.9813,0.2203
yahoo-minilm-384-normalized,adsampling,0.539922,0.811907,0.250425,0.860049,22,0,100,1000,0.2,1,0.5486,8.12,0.2063
yahoo-minilm-384-normalized,adsampling,0.510178,0.767361,0.238256,0.849919,20,0,100,1000,0.2,1,0.5188,8.169,0.2016
yahoo-minilm-384-normalized,adsampling,0.473965,0.72772,0.231834,0.83785,18,0,100,1000,0.2,1,0.4745,0.7759,0.194
yahoo-minilm-384-normalized,adsampling,0.446328,0.681545,0.216021,0.82539,16,0,100,1000,0.2,1,0.4547,8.312,0.182
yahoo-minilm-384-normalized,adsampling,0.408119,0.617106,0.204528,0.8085,14,0,100,1000,0.2,1,0.4164,7.999,0.1757
yahoo-minilm-384-normalized,adsampling,0.373231,0.557436,0.18676,0.78895,12,0,100,1000,0.2,1,0.3737,0.6012,0.1682
yahoo-minilm-384-normalized,adsampling,0.335941,0.496034,0.181019,0.76413,10,0,100,1000,0.2,1,0.3361,0.5363,0.1607
yahoo-minilm-384-normalized,adsampling,0.294175,0.421746,0.171005,0.72966,8,0,100,1000,0.2,1,0.2948,0.448,0.1506
yahoo-minilm-384-normalized,adsampling,0.249378,0.348701,0.148772,0.6832,6,0,100,1000,0.2,1,0.25,0.383,0.1392
yahoo-minilm-384-normalized,adsampling,0.199196,0.270957,0.125798,0.6105,4,0,100,1000,0.2,1,0.2,0.3039,0.1258
yahoo-minilm-384-normalized,adsampling,0.134514,0.181815,0.090262,0.46983,2,0,100,1000,0.2,1,0.135,0.2126,0.09026
yahoo-minilm-384-normalized,adsampling,0.088089,0.12035,0.055393,0.33316,1,0,100,1000,0.2,1,0.0962,7.655,0.05539
msong-420,adsampling,7.87198,15.3921,2.10347,0.996179,2048,0,100,1000,0.2,1,8.073,22.27,2.103
msong-420,adsampling,6.67342,13.4255,1.57319,0.995919,1536,0,100,1000,0.2,1,6.854,19.53,1.573
msong-420,adsampling,5.3469,10.8299,1.19473,0.995889,1024,0,100,1000,0.2,1,5.501,18.77,1.195
msong-420,adsampling,3.62427,7.41541,0.753244,0.995669,512,0,100,1000,0.2,1,3.697,14.05,0.7532
msong-420,adsampling,3.07306,6.22289,0.633876,0.995449,384,0,100,1000,0.2,1,3.141,12.73,0.6339
msong-420,adsampling,2.41129,4.89471,0.511165,0.994659,256,0,100,1000,0.2,1,2.456,12.34,0.5112
msong-420,adsampling,2.26794,4.53604,0.466432,0.994059,224,0,100,1000,0.2,1,2.314,12.16,0.4664
msong-420,adsampling,2.07361,4.13328,0.431908,0.992899,192,0,100,1000,0.2,1,2.118,12.56,0.4319
msong-420,adsampling,1.88003,3.72222,0.395722,0.992279,160,0,100,1000,0.2,1,1.91,10.59,0.3957
msong-420,adsampling,1.76257,3.49202,0.379383,0.989978,144,0,100,1000,0.2,1,1.794,12.17,0.3794
msong-420,adsampling,1.63954,3.17919,0.347315,0.990618,128,0,100,1000,0.2,1,1.676,11.03,0.3473
msong-420,adsampling,1.49963,2.86261,0.329209,0.988438,112,0,100,1000,0.2,1,1.527,11.6,0.3292
msong-420,adsampling,1.42524,2.70156,0.308074,0.985298,96,0,100,1000,0.2,1,1.449,11.04,0.3081
msong-420,adsampling,1.29146,2.41737,0.279382,0.982518,80,0,100,1000,0.2,1,1.314,10.59,0.2794
msong-420,adsampling,1.10576,2.02783,0.248567,0.974308,64,0,100,1000,0.2,1,1.131,10.15,0.2486
msong-420,adsampling,1.06117,1.92446,0.228555,0.971227,56,0,100,1000,0.2,1,1.083,10.26,0.2286
msong-420,adsampling,0.948008,1.68426,0.236497,0.961378,48,0,100,1000,0.2,1,0.9617,9.671,0.2083
msong-420,adsampling,0.884467,1.54716,0.225973,0.953858,40,0,100,1000,0.2,1,0.8977,10.15,0.1996
msong-420,adsampling,0.781265,1.33034,0.233805,0.938349,32,0,100,1000,0.2,1,0.7929,9.742,0.1794
msong-420,adsampling,0.723498,1.21488,0.232312,0.926699,28,0,100,1000,0.2,1,0.7344,9.281,0.1669
msong-420,adsampling,0.680493,1.14166,0.216259,0.919359,26,0,100,1000,0.2,1,0.6918,9.643,0.1637
msong-420,adsampling,0.651768,1.09587,0.212119,0.909649,24,0,100,1000,0.2,1,0.6628,9.435,0.1609
msong-420,adsampling,0.635682,1.05691,0.212677,0.900809,22,0,100,1000,0.2,1,0.6468,9.74,0.1566
msong-420,adsampling,0.590723,0.992389,0.210323,0.889189,20,0,100,1000,0.2,1,0.6003,9.159,0.1557
msong-420,adsampling,0.55744,0.924562,0.199625,0.87467,18,0,100,1000,0.2,1,0.5671,9.308,0.1485
msong-420,adsampling,0.522743,0.866991,0.188692,0.857449,16,0,100,1000,0.2,1,0.5322,9.491,0.1545
msong-420,adsampling,0.484689,0.806319,0.180314,0.835909,14,0,100,1000,0.2,1,0.4851,0.9265,0.1474
msong-420,adsampling,0.445708,0.742839,0.173015,0.80924,12,0,100,1000,0.2,1,0.4544,9.434,0.1402
msong-420,adsampling,0.403271,0.671946,0.145487,0.77318,10,0,100,1000,0.2,1,0.4118,9.139,0.1344
msong-420,adsampling,0.355856,0.579167,0.12815,0.72471,8,0,100,1000,0.2,1,0.3653,9.225,0.1281
msong-420,adsampling,0.304887,0.497299,0.12442,0.65803,6,0,100,1000,0.2,1,0.3141,9.267,0.1244
msong-420,adsampling,0.242593,0.372254,0.113004,0.55163,4,0,100,1000,0.2,1,0.2429,0.408,0.113
msong-420,adsampling,0.165137,0.265131,0.069744,0.37483,2,0,100,1000,0.2,1,0.1743,8.991,0.06974
msong-420,adsampling,0.109699,0.172039,0.054856,0.23767,1,0,100,1000,0.2,1,0.1098,0.1843,0.05486
imagenet-clip-512-normalized,adsampling,9.13795,17.3957,3.03209,0.997359,2048,0,100,1000,0.2,1,9.777,44.2,3.032
imagenet-clip-512-normalized,adsampling,7.42963,14.4203,2.491,0.997359,1536,0,100,1000,0.2,1,7.941,35.74,2.491
imagenet-clip-512-normalized,adsampling,5.53604,10.9208,1.83838,0.997339,1024,0,100,1000,0.2,1,5.919,25.8,1.838
imagenet-clip-512-normalized,adsampling,3.4516,7.01088,1.15061,0.996999,512,0,100,1000,0.2,1,3.658,14.3,1.151
imagenet-clip-512-normalized,adsampling,2.85735,5.82764,0.958856,0.996819,384,0,100,1000,0.2,1,3.022,13.89,0.9589
imagenet-clip-512-normalized,adsampling,2.21381,4.57622,0.75555,0.995279,256,0,100,1000,0.2,1,2.325,13.79,0.7556
imagenet-clip-512-normalized,adsampling,2.01078,4.13084,0.701505,0.995399,224,0,100,1000,0.2,1,2.094,10.8,0.7015
imagenet-clip-512-normalized,adsampling,1.82631,3.7134,0.640541,0.994179,192,0,100,1000,0.2,1,1.902,12.6,0.6405
imagenet-clip-512-normalized,adsampling,1.63978,3.41452,0.583035,0.993779,160,0,100,1000,0.2,1,1.694,11.41,0.583
imagenet-clip-512-normalized,adsampling,1.5381,3.17393,0.535391,0.993149,144,0,100,1000,0.2,1,1.598,11.12,0.5354
imagenet-clip-512-normalized,adsampling,1.47971,3.06588,0.500113,0.992419,128,0,100,1000,0.2,1,1.524,11.24,0.5001
imagenet-clip-512-normalized,adsampling,1.36687,2.84743,0.461665,0.990589,112,0,100,1000,0.2,1,1.402,12.08,0.4617
imagenet-clip-512-normalized,adsampling,1.25763,2.59007,0.420276,0.983009,96,0,100,1000,0.2,1,1.289,11.46,0.4203
imagenet-clip-512-normalized,adsampling,1.14295,2.31289,0.376436,0.986229,80,0,100,1000,0.2,1,1.168,10.64,0.3764
imagenet-clip-512-normalized,adsampling,0.987306,1.96922,0.354367,0.982029,64,0,100,1000,0.2,1,1.012,11.13,0.3544
imagenet-clip-512-normalized,adsampling,0.920436,1.82105,0.320701,0.979068,56,0,100,1000,0.2,1,0.9424,10.89,0.3207
imagenet-clip-512-normalized,adsampling,0.850833,1.70658,0.302047,0.974599,48,0,100,1000,0.2,1,0.8697,10.27,0.302
imagenet-clip-512-normalized,adsampling,0.795724,1.57996,0.29147,0.969319,40,0,100,1000,0.2,1,0.8118,10.93,0.2915
imagenet-clip-512-normalized,adsampling,0.712096,1.35782,0.269229,0.961269,32,0,100,1000,0.2,1,0.7272,10.76,0.2692
imagenet-clip-512-normalized,adsampling,0.667595,1.26445,0.260597,0.955159,28,0,100,1000,0.2,1,0.6707,1.657,0.2606
imagenet-clip-512-normalized,adsampling,0.628337,1.1731,0.256809,0.950968,26,0,100,1000,0.2,1,0.6329,1.711,0.2568
imagenet-clip-512-normalized,adsampling,0.604692,1.11008,0.248145,0.946488,24,0,100,1000,0.2,1,0.6074,1.485,0.2481
imagenet-clip-512-normalized,adsampling,0.592624,1.06511,0.242585,0.941539,22,0,100,1000,0.2,1,0.5951,1.375,0.2426
imagenet-clip-512-normalized,adsampling,0.565511,1.0178,0.235749,0.934998,20,0,100,1000,0.2,1,0.5778,10.66,0.2357
imagenet-clip-512-normalized,adsampling,0.5264,0.942742,0.232966,0.927819,18,0,100,1000,0.2,1,0.5384,10.5,0.233
imagenet-clip-512-normalized,adsampling,0.4987,0.867727,0.224513,0.918509,16,0,100,1000,0.2,1,0.51,10,0.2245
imagenet-clip-512-normalized,adsampling,0.470221,0.802156,0.212611,0.906669,14,0,100,1000,0.2,1,0.4727,1.377,0.2126
imagenet-clip-512-normalized,adsampling,0.434523,0.718463,0.197616,0.891819,12,0,100,1000,0.2,1,0.4359,0.81,0.1976
imagenet-clip-512-normalized,adsampling,0.398303,0.638822,0.181602,0.872559,10,0,100,1000,0.2,1,0.4103,10.2,0.1816
imagenet-clip-512-normalized,adsampling,0.359347,0.54419,0.173299,0.846959,8,0,100,1000,0.2,1,0.3633,1.318,0.1733
imagenet-clip-512-normalized,adsampling,0.316898,0.467685,0.168859,0.807709,6,0,100,1000,0.2,1,0.3186,0.5214,0.1586
imagenet-clip-512-normalized,adsampling,0.264928,0.368147,0.16333,0.74086,4,0,100,1000,0.2,1,0.2673,1.312,0.1441
imagenet-clip-512-normalized,adsampling,0.196309,0.271478,0.125958,0.59559,2,0,100,1000,0.2,1,0.2071,10.13,0.1143
imagenet-clip-512-normalized,adsampling,0.135276,0.192161,0.082179,0.41083,1,0,100,1000,0.2,1,0.1364,0.2635,0.06872
laion-clip-512-normalized,adsampling,83.5545,126.432,34.5663,0.995869,2048,0,100,1000,0.2,1,83.3,126.4,29.15
laion-clip-512-normalized,adsampling,63.5144,99.9848,27.7681,0.969968,1536,0,100,1000,0.2,1,63.22,99.98,22.65
laion-clip-512-normalized,adsampling,44.0274,64.5389,22.7861,0.967208,1024,0,100,1000,0.2,1,43.6,66.47,16.87
laion-clip-512-normalized,adsampling,22.9869,31.1102,14.4088,0.957298,512,0,100,1000,0.2,1,22.88,37.52,9.915
laion-clip-512-normalized,adsampling,17.542,23.6869,11.4172,0.948078,384,0,100,1000,0.2,1,17.49,30.84,7.929
laion-clip-512-normalized,adsampling,12.0028,15.8373,8.16613,0.933808,256,0,100,1000,0.2,1,12.01,25.01,5.867
laion-clip-512-normalized,adsampling,10.6117,14.0457,7.20848,0.925509,224,0,100,1000,0.2,1,10.62,22.85,5.206
laion-clip-512-normalized,adsampling,9.18817,12.0289,6.19899,0.919558,192,0,100,1000,0.2,1,9.219,20.6,4.623
laion-clip-512-normalized,adsampling,7.7618,10.2495,5.20355,0.908038,160,0,100,1000,0.2,1,7.795,19.84,3.951
laion-clip-512-normalized,adsampling,7.02945,9.39059,4.65689,0.900128,144,0,100,1000,0.2,1,7.089,18.19,3.644
laion-clip-512-normalized,adsampling,6.30665,8.42635,4.18675,0.892569,128,0,100,1000,0.2,1,6.359,17.76,3.299
laion-clip-512-normalized,adsampling,5.58149,7.52976,3.65105,0.883739,112,0,100,1000,0.2,1,5.634,16.01,3.016
laion-clip-512-normalized,adsampling,4.84735,6.55679,3.17077,0.8688,96,0,100,1000,0.2,1,4.899,15.12,2.681
laion-clip-512-normalized,adsampling,4.11124,5.53681,2.7866,0.855859,80,0,100,1000,0.2,1,4.168,14.71,2.259
laion-clip-512-normalized,adsampling,3.38075,4.59546,2.126,0.83793,64,0,100,1000,0.2,1,3.436,14.21,1.903
laion-clip-512-normalized,adsampling,2.99987,4.1262,1.87925,0.823359,56,0,100,1000,0.2,1,3.042,13.2,1.622
laion-clip-512-normalized,adsampling,2.63086,3.6538,1.62585,0.808029,48,0,100,1000,0.2,1,2.678,12.92,1.495
laion-clip-512-normalized,adsampling,2.25418,3.15553,1.39856,0.78708,40,0,100,1000,0.2,1,2.29,11.9,1.313
laion-clip-512-normalized,adsampling,1.85193,2.62414,1.1274,0.761459,32,0,100,1000,0.2,1,1.887,11.5,1.127
laion-clip-512-normalized,adsampling,1.66677,2.3738,1.00033,0.74477,28,0,100,1000,0.2,1,1.69,11.86,1
laion-clip-512-normalized,adsampling,1.58686,2.25199,0.952918,0.73485,26,0,100,1000,0.2,1,1.612,11.32,0.9529
laion-clip-512-normalized,adsampling,1.49121,2.12967,0.895114,0.72367,24,0,100,1000,0.2,1,1.515,11.18,0.8951
laion-clip-512-normalized,adsampling,1.38294,1.95622,0.834488,0.713849,22,0,100,1000,0.2,1,1.407,11.2,0.8345
laion-clip-512-normalized,adsampling,1.28128,1.82074,0.773241,0.70059,20,0,100,1000,0.2,1,1.296,10.93,0.7732
laion-clip-512-normalized,adsampling,1.20356,1.72266,0.719685,0.68733,18,0,100,1000,0.2,1,1.226,10.88,0.7197
laion-clip-512-normalized,adsampling,1.08714,1.56627,0.654015,0.67025,16,0,100,1000,0.2,1,1.11,10.88,0.654
laion-clip-512-normalized,adsampling,0.996784,1.42569,0.561111,0.65058,14,0,100,1000,0.2,1,1.009,10.78,0.5611
laion-clip-512-normalized,adsampling,0.884645,1.25672,0.495632,0.62762,12,0,100,1000,0.2,1,0.907,10.68,0.4956
laion-clip-512-normalized,adsampling,0.792008,1.1203,0.499097,0.59983,10,0,100,1000,0.2,1,0.8027,10.38,0.4155
laion-clip-512-normalized,adsampling,0.680712,0.95702,0.417621,0.564051,8,0,100,1000,0.2,1,0.6947,10.55,0.3778
laion-clip-512-normalized,adsampling,0.565783,0.795823,0.341556,0.51494,6,0,100,1000,0.2,1,0.5796,10.14,0.3392
laion-clip-512-normalized,adsampling,0.458195,0.639629,0.280409,0.44635,4,0,100,1000,0.2,1,0.4609,0.6979,0.2804
laion-clip-512-normalized,adsampling,0.336069,0.464165,0.204874,0.32195,2,0,100,1000,0.2,1,0.3362,0.4947,0.2049
laion-clip-512-normalized,adsampling,0.267543,0.367839,0.169121,0.21204,1,0,100,1000,0.2,1,0.2667,0.3793,0.1173
imagenet-align-640-normalized,adsampling,72.8582,137.618,17.6198,0.984749,2048,0,100,1000,0.2,1,74.48,160.2,17.62
imagenet-align-640-normalized,adsampling,57.619,108.482,13.7399,0.984419,1536,0,100,1000,0.2,1,58.9,124.8,13.74
imagenet-align-640-normalized,adsampling,41.6166,76.5288,9.62973,0.983739,1024,0,100,1000,0.2,1,42.13,87.88,9.63
imagenet-align-640-normalized,adsampling,23.7908,42.6339,5.40846,0.981119,512,0,100,1000,0.2,1,23.89,46.09,5.408
imagenet-align-640-normalized,adsampling,18.7678,32.3669,4.32904,0.979629,384,0,100,1000,0.2,1,18.86,37.8,4.329
imagenet-align-640-normalized,adsampling,13.4159,23.9223,3.26481,0.976349,256,0,100,1000,0.2,1,13.52,30.12,3.265
imagenet-align-640-normalized,adsampling,12.0083,19.8607,2.96894,0.974709,224,0,100,1000,0.2,1,12.11,28.58,2.969
imagenet-align-640-normalized,adsampling,10.6187,18.456,2.70307,0.972939,192,0,100,1000,0.2,1,10.69,25.18,2.703
imagenet-align-640-normalized,adsampling,9.14377,15.1524,2.88054,0.970689,160,0,100,1000,0.2,1,9.229,21.79,2.365
imagenet-align-640-normalized,adsampling,8.37777,13.2105,2.69504,0.969198,144,0,100,1000,0.2,1,8.465,20.93,2.19
imagenet-align-640-normalized,adsampling,7.64037,13.0041,2.51411,0.967769,128,0,100,1000,0.2,1,7.713,20.38,2.072
imagenet-align-640-normalized,adsampling,6.86346,10.8612,2.33174,0.964918,112,0,100,1000,0.2,1,6.929,18.23,1.914
imagenet-align-640-normalized,adsampling,6.04893,9.43279,2.1807,0.962138,96,0,100,1000,0.2,1,6.12,16.3,1.788
imagenet-align-640-normalized,adsampling,5.21617,8.05514,1.94138,0.958408,80,0,100,1000,0.2,1,5.279,17.51,1.64
imagenet-align-640-normalized,adsampling,4.3692,6.76788,1.69112,0.952549,64,0,100,1000,0.2,1,4.414,15.05,1.485
imagenet-align-640-normalized,adsampling,3.9235,5.99028,1.61392,0.948288,56,0,100,1000,0.2,1,3.967,14.56,1.398
imagenet-align-640-normalized,adsampling,3.47231,5.2539,1.42847,0.943428,48,0,100,1000,0.2,1,3.51,13.65,1.3
imagenet-align-640-normalized,adsampling,3.01321,4.6211,1.40065,0.938588,40,0,100,1000,0.2,1,3.042,13.08,1.187
imagenet-align-640-normalized,adsampling,2.51596,3.88446,1.20838,0.927208,32,0,100,1000,0.2,1,2.545,12.84,1.065
imagenet-align-640-normalized,adsampling,2.28406,3.48651,1.08344,0.923738,28,0,100,1000,0.2,1,2.304,12.15,1.026
imagenet-align-640-normalized,adsampling,2.1664,3.20439,1.07541,0.921409,26,0,100,1000,0.2,1,2.187,12.62,1.023
imagenet-align-640-normalized,adsampling,2.03514,3.0247,1.04237,0.917969,24,0,100,1000,0.2,1,2.056,12.48,0.9899
imagenet-align-640-normalized,adsampling,1.90456,2.82331,1.00533,0.913019,22,0,100,1000,0.2,1,1.926,12.22,0.9104
imagenet-align-640-normalized,adsampling,1.77599,2.57801,0.960811,0.907699,20,0,100,1000,0.2,1,1.802,12.05,0.875
imagenet-align-640-normalized,adsampling,1.63699,2.38826,0.892786,0.901108,18,0,100,1000,0.2,1,1.661,11.57,0.8302
imagenet-align-640-normalized,adsampling,1.49655,2.13312,0.852847,0.894298,16,0,100,1000,0.2,1,1.514,10.86,0.784
imagenet-align-640-normalized,adsampling,1.36033,1.89542,0.804918,0.884948,14,0,100,1000,0.2,1,1.377,11.35,0.7517
imagenet-align-640-normalized,adsampling,1.23756,1.71222,0.752799,0.873919,12,0,100,1000,0.2,1,1.248,11.09,0.7257
imagenet-align-640-normalized,adsampling,1.08417,1.46964,0.683719,0.858189,10,0,100,1000,0.2,1,1.099,10.61,0.6015
imagenet-align-640-normalized,adsampling,0.941973,1.26213,0.611828,0.837529,8,0,100,1000,0.2,1,0.9518,10.8,0.5513
imagenet-align-640-normalized,adsampling,0.778888,1.05802,0.503036,0.804629,6,0,100,1000,0.2,1,0.7845,6.41,0.4146
imagenet-align-640-normalized,adsampling,0.611173,0.870059,0.35577,0.745119,4,0,100,1000,0.2,1,0.6128,0.9958,0.348
imagenet-align-640-normalized,adsampling,0.41195,0.620514,0.205804,0.59025,2,0,100,1000,0.2,1,0.4234,10.22,0.2058
imagenet-align-640-normalized,adsampling,0.298215,0.481055,0.13312,0.40159,1,0,100,1000,0.2,1,0.3054,5.95,0.1331
codesearchnet-jina-768-cosine,adsampling,17.7321,37.6877,2.91513,0.974438,2048,0,100,1000,0.2,1,18.06,50.64,2.915
codesearchnet-jina-768-cosine,adsampling,14.2701,30.4343,2.36441,0.973748,1536,0,100,1000,0.2,1,14.67,40.07,2.364
codesearchnet-jina-768-cosine,adsampling,10.679,22.9784,1.8173,0.972018,1024,0,100,1000,0.2,1,10.92,29.69,1.817
codesearchnet-jina-768-cosine,adsampling,6.53023,13.9271,1.22239,0.965948,512,0,100,1000,0.2,1,6.685,23.49,1.222
codesearchnet-jina-768-cosine,adsampling,5.36931,11.3272,1.04857,0.961648,384,0,100,1000,0.2,1,5.498,24.14,1.049
codesearchnet-jina-768-cosine,adsampling,4.12885,8.49704,0.843454,0.954258,256,0,100,1000,0.2,1,4.214,20.95,0.8435
codesearchnet-jina-768-cosine,adsampling,3.79489,7.85918,0.792108,0.951378,224,0,100,1000,0.2,1,3.869,18.25,0.7921
codesearchnet-jina-768-cosine,adsampling,3.44927,7.07738,0.739003,0.947848,192,0,100,1000,0.2,1,3.511,16.84,0.739
codesearchnet-jina-768-cosine,adsampling,3.07898,6.28498,0.699167,0.942359,160,0,100,1000,0.2,1,3.133,18.3,0.6992
codesearchnet-jina-768-cosine,adsampling,2.88867,5.91088,0.669344,0.939008,144,0,100,1000,0.2,1,2.938,17.03,0.6693
codesearchnet-jina-768-cosine,adsampling,2.68498,5.39778,0.644448,0.934219,128,0,100,1000,0.2,1,2.736,17.52,0.6444
codesearchnet-jina-768-cosine,adsampling,2.48434,4.94489,0.620861,0.930199,112,0,100,1000,0.2,1,2.524,16.37,0.6209
codesearchnet-jina-768-cosine,adsampling,2.26959,4.48478,0.587862,0.924099,96,0,100,1000,0.2,1,2.293,15.34,0.5879
codesearchnet-jina-768-cosine,adsampling,2.04152,4.02107,0.549202,0.916719,80,0,100,1000,0.2,1,2.079,17.2,0.5492
codesearchnet-jina-768-cosine,adsampling,1.79832,3.47125,0.513509,0.906639,64,0,100,1000,0.2,1,1.825,15.54,0.5135
codesearchnet-jina-768-cosine,adsampling,1.67234,3.1785,0.481164,0.899749,56,0,100,1000,0.2,1,1.692,15.37,0.4812
codesearchnet-jina-768-cosine,adsampling,1.53102,2.81075,0.456891,0.891149,48,0,100,1000,0.2,1,1.552,14.32,0.4569
codesearchnet-jina-768-cosine,adsampling,1.38548,2.49817,0.435978,0.881809,40,0,100,1000,0.2,1,1.405,15.12,0.436
codesearchnet-jina-768-cosine,adsampling,1.23818,2.21388,0.384454,0.86917,32,0,100,1000,0.2,1,1.256,14.34,0.3845
codesearchnet-jina-768-cosine,adsampling,1.15257,1.99439,0.351452,0.860479,28,0,100,1000,0.2,1,1.159,6.503,0.3515
codesearchnet-jina-768-cosine,adsampling,1.0902,1.87499,0.34213,0.855129,26,0,100,1000,0.2,1,1.104,13.97,0.3421
codesearchnet-jina-768-cosine,adsampling,1.05136,1.80634,0.327375,0.849409,24,0,100,1000,0.2,1,1.057,6.616,0.3274
codesearchnet-jina-768-cosine,adsampling,1.00666,1.71159,0.372788,0.842729,22,0,100,1000,0.2,1,1.026,14.58,0.3168
codesearchnet-jina-768-cosine,adsampling,0.962186,1.61478,0.357519,0.835079,20,0,100,1000,0.2,1,0.975,13.68,0.2953
codesearchnet-jina-768-cosine,adsampling,0.918966,1.48862,0.346565,0.826539,18,0,100,1000,0.2,1,0.9247,5.971,0.2864
codesearchnet-jina-768-cosine,adsampling,0.853609,1.41128,0.329956,0.81712,16,0,100,1000,0.2,1,0.8587,5.954,0.2731
codesearchnet-jina-768-cosine,adsampling,0.814349,1.31556,0.330109,0.8055,14,0,100,1000,0.2,1,0.8193,5.764,0.2688
codesearchnet-jina-768-cosine,adsampling,0.756904,1.20768,0.3263,0.7909,12,0,100,1000,0.2,1,0.7598,5.99,0.2593
codesearchnet-jina-768-cosine,adsampling,0.686295,1.07812,0.305783,0.77104,10,0,100,1000,0.2,1,0.6906,5.794,0.2463
codesearchnet-jina-768-cosine,adsampling,0.623632,0.931345,0.313476,0.7463,8,0,100,1000,0.2,1,0.627,5.679,0.2382
codesearchnet-jina-768-cosine,adsampling,0.542139,0.806053,0.27565,0.711699,6,0,100,1000,0.2,1,0.554,13.26,0.2247
codesearchnet-jina-768-cosine,adsampling,0.445474,0.643855,0.252281,0.65125,4,0,100,1000,0.2,1,0.4465,0.7329,0.2235
codesearchnet-jina-768-cosine,adsampling,0.326898,0.4611,0.195934,0.53238,2,0,100,1000,0.2,1,0.3288,0.5809,0.1866
codesearchnet-jina-768-cosine,adsampling,0.23167,0.332414,0.135874,0.3976,1,0,100,1000,0.2,1,0.239,5.505,0.1359
landmark-nomic-768-normalized,adsampling,7.09289,13.8621,2.55372,0.995599,2048,0,100,1000,0.2,1,7.616,27.92,2.554
landmark-nomic-768-normalized,adsampling,5.48127,10.712,1.85916,0.994859,1536,0,100,1000,0.2,1,5.899,25.02,1.859
landmark-nomic-768-normalized,adsampling,4.22057,8.26004,1.39514,0.994829,1024,0,100,1000,0.2,1,4.543,19.1,1.395
landmark-nomic-768-normalized,adsampling,2.73853,5.45443,0.960389,0.994749,512,0,100,1000,0.2,1,2.934,17.46,0.9604
landmark-nomic-768-normalized,adsampling,2.31684,4.60164,0.83121,0.994559,384,0,100,1000,0.2,1,2.484,15.7,0.8312
landmark-nomic-768-normalized,adsampling,1.85372,3.6451,0.713147,0.993819,256,0,100,1000,0.2,1,1.974,15.59,0.7131
landmark-nomic-768-normalized,adsampling,1.74405,3.42872,0.67659,0.993449,224,0,100,1000,0.2,1,1.854,15.55,0.6766
landmark-nomic-768-normalized,adsampling,1.61666,3.19348,0.646179,0.993169,192,0,100,1000,0.2,1,1.701,14.34,0.6462
landmark-nomic-768-normalized,adsampling,1.48099,2.91845,0.601509,0.992429,160,0,100,1000,0.2,1,1.553,15.07,0.6015
landmark-nomic-768-normalized,adsampling,1.41262,2.77112,0.566255,0.992098,144,0,100,1000,0.2,1,1.48,15.31,0.5663
landmark-nomic-768-normalized,adsampling,1.33747,2.61223,0.532697,0.991598,128,0,100,1000,0.2,1,1.4,14.55,0.5327
landmark-nomic-768-normalized,adsampling,1.24231,2.40788,0.50227,0.989298,112,0,100,1000,0.2,1,1.301,14.78,0.5023
landmark-nomic-768-normalized,adsampling,1.17906,2.29086,0.477334,0.988508,96,0,100,1000,0.2,1,1.225,14.88,0.4773
landmark-nomic-768-normalized,adsampling,1.0833,2.07177,0.441641,0.988518,80,0,100,1000,0.2,1,1.119,14.24,0.4416
landmark-nomic-768-normalized,adsampling,0.977583,1.83292,0.396553,0.983198,64,0,100,1000,0.2,1,1.006,14.31,0.3966
landmark-nomic-768-normalized,adsampling,0.938519,1.74768,0.400322,0.982289,56,0,100,1000,0.2,1,0.9492,2.014,0.4003
landmark-nomic-768-normalized,adsampling,0.877929,1.60752,0.365021,0.978448,48,0,100,1000,0.2,1,0.8985,14.34,0.365
landmark-nomic-768-normalized,adsampling,0.816998,1.4824,0.354007,0.974799,40,0,100,1000,0.2,1,0.8367,14.38,0.354
landmark-nomic-768-normalized,adsampling,0.765144,1.38365,0.336935,0.966249,32,0,100,1000,0.2,1,0.782,14.08,0.3369
landmark-nomic-768-normalized,adsampling,0.71154,1.25352,0.325798,0.961088,28,0,100,1000,0.2,1,0.7156,1.338,0.3258
landmark-nomic-768-normalized,adsampling,0.697709,1.20344,0.321985,0.957679,26,0,100,1000,0.2,1,0.7017,1.329,0.322
landmark-nomic-768-normalized,adsampling,0.671625,1.1464,0.310842,0.953399,24,0,100,1000,0.2,1,0.6753,1.215,0.3108
landmark-nomic-768-normalized,adsampling,0.650261,1.11426,0.304466,0.949069,22,0,100,1000,0.2,1,0.6533,1.203,0.3045
landmark-nomic-768-normalized,adsampling,0.634214,1.06467,0.293833,0.944059,20,0,100,1000,0.2,1,0.6497,13.77,0.2938
landmark-nomic-768-normalized,adsampling,0.60409,0.99537,0.291959,0.937949,18,0,100,1000,0.2,1,0.6193,13.6,0.292
landmark-nomic-768-normalized,adsampling,0.578257,0.927657,0.280674,0.929478,16,0,100,1000,0.2,1,0.5932,13.81,0.2807
landmark-nomic-768-normalized,adsampling,0.548981,0.855306,0.270323,0.918049,14,0,100,1000,0.2,1,0.5511,1.05,0.2703
landmark-nomic-768-normalized,adsampling,0.527123,0.816346,0.264376,0.903369,12,0,100,1000,0.2,1,0.5288,1.065,0.2644
landmark-nomic-768-normalized,adsampling,0.48409,0.738372,0.245127,0.882969,10,0,100,1000,0.2,1,0.4853,0.8435,0.2451
landmark-nomic-768-normalized,adsampling,0.444517,0.65005,0.246795,0.852609,8,0,100,1000,0.2,1,0.4597,13.68,0.2327
landmark-nomic-768-normalized,adsampling,0.398309,0.56686,0.229474,0.807999,6,0,100,1000,0.2,1,0.4005,0.7925,0.2202
landmark-nomic-768-normalized,adsampling,0.344528,0.476225,0.215197,0.73344,4,0,100,1000,0.2,1,0.3595,13.78,0.2108
landmark-nomic-768-normalized,adsampling,0.257038,0.342215,0.176503,0.57102,2,0,100,1000,0.2,1,0.2591,0.3873,0.163
landmark-nomic-768-normalized,adsampling,0.191007,0.253675,0.129363,0.40361,1,0,100,1000,0.2,1,0.1926,0.3412,0.1294
ccnews-nomic-768-normalized,adsampling,11.8393,27.2358,2.49221,0.997029,1024,0,100,1000,0.2,1,12.21,41.86,2.492
ccnews-nomic-768-normalized,adsampling,7.1785,16.5324,1.54682,0.992109,512,0,100,1000,0.2,1,7.438,26.47,1.547
ccnews-nomic-768-normalized,adsampling,5.98333,13.6292,1.30704,0.991058,384,0,100,1000,0.2,1,6.186,23.21,1.307
ccnews-nomic-768-normalized,adsampling,4.63587,10.5967,1.0151,0.987458,256,0,100,1000,0.2,1,4.775,23.37,1.015
ccnews-nomic-768-normalized,adsampling,4.25795,9.53042,0.924562,0.985878,224,0,100,1000,0.2,1,4.385,19.28,0.9246
ccnews-nomic-768-normalized,adsampling,3.87681,8.74557,0.857837,0.984138,192,0,100,1000,0.2,1,3.976,18.76,0.8578
ccnews-nomic-768-normalized,adsampling,3.46293,7.64945,0.780664,0.980938,160,0,100,1000,0.2,1,3.552,19.65,0.7807
ccnews-nomic-768-normalized,adsampling,3.24991,7.21559,0.711189,0.978678,144,0,100,1000,0.2,1,3.331,18.37,0.7112
ccnews-nomic-768-normalized,adsampling,3.03475,6.65759,0.660293,0.975668,128,0,100,1000,0.2,1,3.103,16.05,0.6603
ccnews-nomic-768-normalized,adsampling,2.79711,6.03322,0.621444,0.973088,112,0,100,1000,0.2,1,2.851,15.84,0.6214
ccnews-nomic-768-normalized,adsampling,2.56015,5.51338,0.578811,0.969158,96,0,100,1000,0.2,1,2.606,14.81,0.5788
ccnews-nomic-768-normalized,adsampling,2.27671,5.02376,0.5205,0.963388,80,0,100,1000,0.2,1,2.32,15.35,0.5205
ccnews-nomic-768-normalized,adsampling,2.00782,4.39523,0.459777,0.955528,64,0,100,1000,0.2,1,2.039,15.6,0.4598
ccnews-nomic-768-normalized,adsampling,1.85262,3.9994,0.43016,0.949778,56,0,100,1000,0.2,1,1.882,14.58,0.4302
ccnews-nomic-768-normalized,adsampling,1.68788,3.58766,0.398829,0.942809,48,0,100,1000,0.2,1,1.716,14.14,0.3988
ccnews-nomic-768-normalized,adsampling,1.54264,3.05565,0.363283,0.934959,40,0,100,1000,0.2,1,1.572,14.71,0.3633
ccnews-nomic-768-normalized,adsampling,1.32601,2.53491,0.331532,0.92134,32,0,100,1000,0.2,1,1.353,13.43,0.3315
ccnews-nomic-768-normalized,adsampling,1.26402,2.39608,0.324041,0.911629,28,0,100,1000,0.2,1,1.291,13.45,0.324
ccnews-nomic-768-normalized,adsampling,1.18353,2.25295,0.311505,0.906799,26,0,100,1000,0.2,1,1.211,13.86,0.3115
ccnews-nomic-768-normalized,adsampling,1.16434,2.31147,0.306171,0.899629,24,0,100,1000,0.2,1,1.178,13.4,0.3062
ccnews-nomic-768-normalized,adsampling,1.1113,2.17449,0.289131,0.895239,22,0,100,1000,0.2,1,1.125,13.43,0.2891
ccnews-nomic-768-normalized,adsampling,1.03152,1.96061,0.285635,0.887439,20,0,100,1000,0.2,1,1.044,12.36,0.2856
ccnews-nomic-768-normalized,adsampling,0.990613,1.81283,0.276526,0.87892,18,0,100,1000,0.2,1,1.016,13.32,0.2765
ccnews-nomic-768-normalized,adsampling,0.918702,1.65001,0.265875,0.86857,16,0,100,1000,0.2,1,0.9319,13.06,0.2659
ccnews-nomic-768-normalized,adsampling,0.865394,1.53198,0.257219,0.85762,14,0,100,1000,0.2,1,0.8776,12.19,0.2572
ccnews-nomic-768-normalized,adsampling,0.793829,1.39548,0.247145,0.8427,12,0,100,1000,0.2,1,0.8064,12.56,0.2471
ccnews-nomic-768-normalized,adsampling,0.721953,1.25572,0.234703,0.824161,10,0,100,1000,0.2,1,0.7352,12.7,0.2347
ccnews-nomic-768-normalized,adsampling,0.657564,1.14564,0.22178,0.79761,8,0,100,1000,0.2,1,0.6708,12.86,0.2218
ccnews-nomic-768-normalized,adsampling,0.561789,0.94107,0.209158,0.760569,6,0,100,1000,0.2,1,0.5743,12.33,0.2092
ccnews-nomic-768-normalized,adsampling,0.461455,0.71926,0.188575,0.70516,4,0,100,1000,0.2,1,0.474,12.05,0.1886
ccnews-nomic-768-normalized,adsampling,0.330696,0.498382,0.166571,0.58513,2,0,100,1000,0.2,1,0.3432,12.07,0.1666
ccnews-nomic-768-normalized,adsampling,0.229367,0.335795,0.132636,0.44762,1,0,100,1000,0.2,1,0.2316,0.3802,0.121
coco-nomic-768-normalized,adsampling,58.4616,100.855,8.18932,0.895119,1024,0,100,1000,0.2,1,58.46,100.9,8.189
coco-nomic-768-normalized,adsampling,31.4055,55.2269,4.34734,0.889539,512,0,100,1000,0.2,1,31.41,55.23,4.347
coco-nomic-768-normalized,adsampling,24.6951,44.5438,3.23596,0.888559,384,0,100,1000,0.2,1,24.7,44.54,3.236
coco-nomic-768-normalized,adsampling,17.2072,33.3063,2.22786,0.886749,256,0,100,1000,0.2,1,17.21,33.31,2.228
coco-nomic-768-normalized,adsampling,15.2493,28.967,1.94797,0.885749,224,0,100,1000,0.2,1,15.25,28.97,1.948
coco-nomic-768-normalized,adsampling,13.3082,26.7319,1.71396,0.883999,192,0,100,1000,0.2,1,13.32,27.8,1.714
coco-nomic-768-normalized,adsampling,11.2647,22.7183,1.39624,0.881459,160,0,100,1000,0.2,1,11.3,24.26,1.396
coco-nomic-768-normalized,adsampling,10.2278,20.3384,1.33212,0.880119,144,0,100,1000,0.2,1,10.28,22.06,1.332
coco-nomic-768-normalized,adsampling,9.17862,17.5973,1.19043,0.878129,128,0,100,1000,0.2,1,9.241,20.4,1.19
coco-nomic-768-normalized,adsampling,8.08596,15.4746,1.0759,0.875308,112,0,100,1000,0.2,1,8.191,19.76,1.076
coco-nomic-768-normalized,adsampling,7.04752,12.6932,0.939456,0.872278,96,0,100,1000,0.2,1,7.142,17.99,0.9395
coco-nomic-768-normalized,adsampling,5.99416,9.4182,0.922741,0.868368,80,0,100,1000,0.2,1,6.071,15.71,0.8276
coco-nomic-768-normalized,adsampling,4.93146,7.76579,0.916192,0.862318,64,0,100,1000,0.2,1,4.965,14.15,0.6743
coco-nomic-768-normalized,adsampling,4.40352,6.67887,0.889951,0.858358,56,0,100,1000,0.2,1,4.409,13.95,0.6151
coco-nomic-768-normalized,adsampling,3.85979,6.02294,0.97282,0.852439,48,0,100,1000,0.2,1,3.836,12.88,0.5704
coco-nomic-768-normalized,adsampling,3.28796,5.10647,0.799234,0.843299,40,0,100,1000,0.2,1,3.267,11.74,0.5063
coco-nomic-768-normalized,adsampling,2.70377,4.13415,0.74047,0.834109,32,0,100,1000,0.2,1,2.677,11.23,0.4539
coco-nomic-768-normalized,adsampling,2.41586,3.71961,0.680964,0.828179,28,0,100,1000,0.2,1,2.397,10.88,0.4046
coco-nomic-768-normalized,adsampling,2.2653,3.58027,0.647657,0.823989,26,0,100,1000,0.2,1,2.251,10.58,0.3892
coco-nomic-768-normalized,adsampling,2.11226,3.35012,0.621702,0.817199,24,0,100,1000,0.2,1,2.094,10.42,0.3731
coco-nomic-768-normalized,adsampling,1.96023,3.06359,0.554977,0.80781,22,0,100,1000,0.2,1,1.949,10.58,0.3521
coco-nomic-768-normalized,adsampling,1.81303,2.79158,0.530687,0.803579,20,0,100,1000,0.2,1,1.803,10.33,0.3404
coco-nomic-768-normalized,adsampling,1.65344,2.61562,0.460001,0.792859,18,0,100,1000,0.2,1,1.645,10.27,0.3242
coco-nomic-768-normalized,adsampling,1.50106,2.39771,0.463557,0.783389,16,0,100,1000,0.2,1,1.492,9.74,0.3076
coco-nomic-768-normalized,adsampling,1.33443,2.17991,0.399646,0.771569,14,0,100,1000,0.2,1,1.33,9.661,0.291
coco-nomic-768-normalized,adsampling,1.19666,1.98377,0.371043,0.75292,12,0,100,1000,0.2,1,1.194,9.363,0.2819
coco-nomic-768-normalized,adsampling,1.03903,1.69621,0.345667,0.73887,10,0,100,1000,0.2,1,1.026,8.834,0.2352
coco-nomic-768-normalized,adsampling,0.866811,1.43635,0.308437,0.71164,8,0,100,1000,0.2,1,0.8612,8.887,0.2146
coco-nomic-768-normalized,adsampling,0.695243,1.13789,0.266261,0.66755,6,0,100,1000,0.2,1,0.6985,8.353,0.2034
coco-nomic-768-normalized,adsampling,0.526407,0.8479,0.215377,0.59508,4,0,100,1000,0.2,1,0.5338,8.448,0.1868
coco-nomic-768-normalized,adsampling,0.34249,0.524452,0.164771,0.44626,2,0,100,1000,0.2,1,0.3514,7.994,0.1648
coco-nomic-768-normalized,adsampling,0.248817,0.358874,0.14877,0.3098,1,0,100,1000,0.2,1,0.2578,8.052,0.1162
contriever-768,adsampling,37.2776,70.4434,9.42166,0.997419,2048,0,100,1000,0.2,1,37.95,106,9.422
contriever-768,adsampling,28.3912,54.061,7.4152,0.993409,1536,0,100,1000,0.2,1,28.86,80.55,7.415
contriever-768,adsampling,20.4594,38.2667,5.73598,0.992809,1024,0,100,1000,0.2,1,21.03,59.82,5.736
contriever-768,adsampling,11.8861,21.1947,3.82582,0.990609,512,0,100,1000,0.2,1,12.21,31.78,3.826
contriever-768,adsampling,9.56329,17.3027,3.28811,0.988828,384,0,100,1000,0.2,1,9.794,25.02,3.288
contriever-768,adsampling,7.05654,12.4712,2.73541,0.984938,256,0,100,1000,0.2,1,7.227,22.49,2.735
contriever-768,adsampling,6.39684,11.1849,2.54117,0.983418,224,0,100,1000,0.2,1,6.572,20.53,2.541
contriever-768,adsampling,5.7109,9.99337,2.30215,0.980718,192,0,100,1000,0.2,1,5.852,17.48,2.302
contriever-768,adsampling,5.04044,8.79036,2.08225,0.977758,160,0,100,1000,0.2,1,5.152,17.01,2.082
contriever-768,adsampling,4.63702,8.00921,1.92483,0.975028,144,0,100,1000,0.2,1,4.755,17.22,1.925
contriever-768,adsampling,4.29143,7.49185,1.81023,0.971778,128,0,100,1000,0.2,1,4.384,18.6,1.81
contriever-768,adsampling,3.90092,6.73499,1.67677,0.968928,112,0,100,1000,0.2,1,4.006,16.27,1.677
contriever-768,adsampling,3.50828,6.04232,1.53903,0.964678,96,0,100,1000,0.2,1,3.591,15.11,1.539
contriever-768,adsampling,3.07991,5.34895,1.36636,0.956418,80,0,100,1000,0.2,1,3.14,13.77,1.366
contriever-768,adsampling,2.64254,4.47703,1.21015,0.949158,64,0,100,1000,0.2,1,2.695,14.36,1.21
contriever-768,adsampling,2.42152,4.09961,1.12689,0.943418,56,0,100,1000,0.2,1,2.474,14.22,1.127
contriever-768,adsampling,2.1731,3.63607,1.00507,0.934618,48,0,100,1000,0.2,1,2.222,13.42,1.005
contriever-768,adsampling,1.93016,3.20439,0.927661,0.926219,40,0,100,1000,0.2,1,1.975,13.23,0.9277
contriever-768,adsampling,1.66696,2.74526,0.843557,0.912759,32,0,100,1000,0.2,1,1.707,13.16,0.8436
contriever-768,adsampling,1.52471,2.49734,0.79421,0.902999,28,0,100,1000,0.2,1,1.551,12.23,0.7942
contriever-768,adsampling,1.45467,2.35806,0.770455,0.897389,26,0,100,1000,0.2,1,1.481,12.84,0.7705
contriever-768,adsampling,1.38387,2.23013,0.755472,0.890489,24,0,100,1000,0.2,1,1.408,12.05,0.7555
contriever-768,adsampling,1.31026,2.10717,0.713402,0.884739,22,0,100,1000,0.2,1,1.333,11.99,0.7134
contriever-768,adsampling,1.23141,1.96014,0.679326,0.876719,20,0,100,1000,0.2,1,1.255,12.35,0.6793
contriever-768,adsampling,1.15493,1.82654,0.647543,0.867789,18,0,100,1000,0.2,1,1.178,12.21,0.6475
contriever-768,adsampling,1.07478,1.66844,0.602664,0.858139,16,0,100,1000,0.2,1,1.097,11.79,0.6027
contriever-768,adsampling,0.991217,1.52415,0.581635,0.84434,14,0,100,1000,0.2,1,1.009,11.79,0.5816
contriever-768,adsampling,0.901357,1.37539,0.534656,0.82801,12,0,100,1000,0.2,1,0.9116,3.398,0.5347
contriever-768,adsampling,0.81263,1.23575,0.487368,0.80695,10,0,100,1000,0.2,1,0.8304,11.9,0.4874
contriever-768,adsampling,0.712907,1.05474,0.426893,0.778089,8,0,100,1000,0.2,1,0.7265,11.82,0.4269
contriever-768,adsampling,0.602587,0.871527,0.35254,0.73595,6,0,100,1000,0.2,1,0.6172,11.51,0.3525
contriever-768,adsampling,0.480967,0.682506,0.292656,0.67234,4,0,100,1000,0.2,1,0.4941,11.22,0.2927
contriever-768,adsampling,0.329807,0.457494,0.205306,0.5452,2,0,100,1000,0.2,1,0.3307,0.5085,0.2053
contriever-768,adsampling,0.226016,0.314562,0.139289,0.41099,1,0,100,1000,0.2,1,0.228,0.4026,0.1231
instructorxl-arxiv-768,adsampling,23.5397,47.0976,6.87657,0.996009,2048,0,100,1000,0.2,1,24.04,61.01,6.877
instructorxl-arxiv-768,adsampling,19.3725,39.1519,5.64107,0.995949,1536,0,100,1000,0.2,1,19.78,50.32,5.641
instructorxl-arxiv-768,adsampling,14.7337,29.9017,4.14709,0.995529,1024,0,100,1000,0.2,1,14.99,37.43,4.147
instructorxl-arxiv-768,adsampling,9.19721,18.0807,2.55552,0.992638,512,0,100,1000,0.2,1,9.369,29.14,2.556
instructorxl-arxiv-768,adsampling,7.602,14.8552,2.10354,0.990088,384,0,100,1000,0.2,1,7.734,23.93,2.104
instructorxl-arxiv-768,adsampling,5.80589,11.2678,1.59954,0.984127,256,0,100,1000,0.2,1,5.917,16.63,1.6
instructorxl-arxiv-768,adsampling,5.31957,10.3151,1.45941,0.980328,224,0,100,1000,0.2,1,5.412,17.45,1.459
instructorxl-arxiv-768,adsampling,4.81073,9.28976,1.35457,0.976928,192,0,100,1000,0.2,1,4.898,15.95,1.355
instructorxl-arxiv-768,adsampling,4.2947,8.10686,1.21966,0.972247,160,0,100,1000,0.2,1,4.36,15.21,1.22
instructorxl-arxiv-768,adsampling,4.00623,7.51682,1.13827,0.968447,144,0,100,1000,0.2,1,4.073,13.98,1.138
instructorxl-arxiv-768,adsampling,3.72082,6.86227,1.07585,0.964368,128,0,100,1000,0.2,1,3.774,16.21,1.076
instructorxl-arxiv-768,adsampling,3.41065,6.26311,1.00811,0.956468,112,0,100,1000,0.2,1,3.456,14.62,1.008
instructorxl-arxiv-768,adsampling,3.09079,5.53786,1.00852,0.950128,96,0,100,1000,0.2,1,3.133,14.56,1.009
instructorxl-arxiv-768,adsampling,2.76649,4.94527,0.871375,0.941188,80,0,100,1000,0.2,1,2.811,13.11,0.8714
instructorxl-arxiv-768,adsampling,2.36854,4.17745,0.768284,0.930489,64,0,100,1000,0.2,1,2.404,13.4,0.7683
instructorxl-arxiv-768,adsampling,2.20131,3.78868,0.728636,0.922618,56,0,100,1000,0.2,1,2.232,13.84,0.7286
instructorxl-arxiv-768,adsampling,2.01461,3.42267,0.69248,0.909779,48,0,100,1000,0.2,1,2.037,8.166,0.6925
instructorxl-arxiv-768,adsampling,1.80042,2.98028,0.629555,0.896939,40,0,100,1000,0.2,1,1.826,12.11,0.6296
instructorxl-arxiv-768,adsampling,1.56128,2.58741,0.57002,0.877029,32,0,100,1000,0.2,1,1.584,11.85,0.57
instructorxl-arxiv-768,adsampling,1.43992,2.35123,0.527096,0.863799,28,0,100,1000,0.2,1,1.457,7.375,0.5271
instructorxl-arxiv-768,adsampling,1.41672,2.27664,0.545041,0.856529,26,0,100,1000,0.2,1,1.435,8.033,0.5263
instructorxl-arxiv-768,adsampling,1.34125,2.09023,0.53262,0.8481,24,0,100,1000,0.2,1,1.353,7.206,0.4995
instructorxl-arxiv-768,adsampling,1.2567,1.99052,0.517214,0.83897,22,0,100,1000,0.2,1,1.27,7.494,0.4743
instructorxl-arxiv-768,adsampling,1.22312,1.91765,0.54678,0.829109,20,0,100,1000,0.2,1,1.234,7.505,0.4572
instructorxl-arxiv-768,adsampling,1.13126,1.76343,0.492103,0.81628,18,0,100,1000,0.2,1,1.147,7.47,0.4525
instructorxl-arxiv-768,adsampling,1.05476,1.61177,0.476043,0.80138,16,0,100,1000,0.2,1,1.071,7.361,0.4342
instructorxl-arxiv-768,adsampling,0.990188,1.51266,0.458002,0.78383,14,0,100,1000,0.2,1,1.01,10.98,0.4148
instructorxl-arxiv-768,adsampling,0.906767,1.37326,0.447289,0.76317,12,0,100,1000,0.2,1,0.9199,10.89,0.3915
instructorxl-arxiv-768,adsampling,0.824003,1.23341,0.416363,0.73611,10,0,100,1000,0.2,1,0.8314,7.113,0.3341
instructorxl-arxiv-768,adsampling,0.748165,1.09586,0.404749,0.70495,8,0,100,1000,0.2,1,0.7555,6.859,0.2975
instructorxl-arxiv-768,adsampling,0.635326,0.90996,0.359207,0.65874,6,0,100,1000,0.2,1,0.639,2.154,0.2546
instructorxl-arxiv-768,adsampling,0.524639,0.733497,0.3123,0.58835,4,0,100,1000,0.2,1,0.5317,6.356,0.2441
instructorxl-arxiv-768,adsampling,0.380962,0.517827,0.245178,0.45313,2,0,100,1000,0.2,1,0.3884,6.6,0.2297
instructorxl-arxiv-768,adsampling,0.269365,0.369845,0.175215,0.32079,1,0,100,1000,0.2,1,0.2725,1.743,0.1606
gooaq-distilroberta-768-normalized,adsampling,15.843,33.0788,4.75353,0.986818,2048,0,100,1000,0.2,1,16.34,46.21,4.754
gooaq-distilroberta-768-normalized,adsampling,12.6079,26.1495,3.75728,0.986488,1536,0,100,1000,0.2,1,13.1,41.57,3.757
gooaq-distilroberta-768-normalized,adsampling,9.24017,19.528,2.76765,0.985458,1024,0,100,1000,0.2,1,9.564,29.52,2.768
gooaq-distilroberta-768-normalized,adsampling,5.55849,11.9225,1.68698,0.982297,512,0,100,1000,0.2,1,5.77,21.2,1.687
gooaq-distilroberta-768-normalized,adsampling,4.58112,9.85934,1.39196,0.979998,384,0,100,1000,0.2,1,4.733,16.12,1.392
gooaq-distilroberta-768-normalized,adsampling,3.53001,7.59251,1.0754,0.976128,256,0,100,1000,0.2,1,3.629,16.18,1.075
gooaq-distilroberta-768-normalized,adsampling,3.24209,6.9212,0.978356,0.973858,224,0,100,1000,0.2,1,3.33,13.22,0.9784
gooaq-distilroberta-768-normalized,adsampling,2.95182,6.31268,0.904727,0.972298,192,0,100,1000,0.2,1,3.035,15.57,0.9047
gooaq-distilroberta-768-normalized,adsampling,2.6482,5.63454,0.824965,0.969198,160,0,100,1000,0.2,1,2.703,14.28,0.825
gooaq-distilroberta-768-normalized,adsampling,2.4889,5.31484,0.769186,0.964668,144,0,100,1000,0.2,1,2.543,14.08,0.7692
gooaq-distilroberta-768-normalized,adsampling,2.29078,4.84923,0.720088,0.965148,128,0,100,1000,0.2,1,2.34,14.2,0.7201
gooaq-distilroberta-768-normalized,adsampling,2.1359,4.46758,0.676685,0.961198,112,0,100,1000,0.2,1,2.176,13.52,0.6767
gooaq-distilroberta-768-normalized,adsampling,1.95853,4.09375,0.624864,0.955808,96,0,100,1000,0.2,1,1.995,13.54,0.6249
gooaq-distilroberta-768-normalized,adsampling,1.76693,3.67984,0.588457,0.950708,80,0,100,1000,0.2,1,1.797,14.88,0.5885
gooaq-distilroberta-768-normalized,adsampling,1.54985,3.19031,0.507067,0.945678,64,0,100,1000,0.2,1,1.574,13.26,0.5071
gooaq-distilroberta-768-normalized,adsampling,1.42852,2.90282,0.479401,0.940768,56,0,100,1000,0.2,1,1.451,12.82,0.4794
gooaq-distilroberta-768-normalized,adsampling,1.35431,2.74869,0.465282,0.935749,48,0,100,1000,0.2,1,1.367,6.111,0.4653
gooaq-distilroberta-768-normalized,adsampling,1.21641,2.44344,0.433169,0.928458,40,0,100,1000,0.2,1,1.234,13.44,0.4332
gooaq-distilroberta-768-normalized,adsampling,1.07495,2.07845,0.419096,0.918029,32,0,100,1000,0.2,1,1.093,12.98,0.4191
gooaq-distilroberta-768-normalized,adsampling,1.02751,1.9228,0.402641,0.911679,28,0,100,1000,0.2,1,1.043,12.21,0.4026
gooaq-distilroberta-768-normalized,adsampling,0.973164,1.84689,0.393417,0.907269,26,0,100,1000,0.2,1,0.989,12.47,0.3934
gooaq-distilroberta-768-normalized,adsampling,0.952925,1.81908,0.386826,0.902889,24,0,100,1000,0.2,1,0.9685,12.34,0.3868
gooaq-distilroberta-768-normalized,adsampling,0.89889,1.63967,0.378226,0.896919,22,0,100,1000,0.2,1,0.914,12.21,0.3782
gooaq-distilroberta-768-normalized,adsampling,0.866869,1.56161,0.366373,0.89044,20,0,100,1000,0.2,1,0.8821,12.43,0.3664
gooaq-distilroberta-768-normalized,adsampling,0.818502,1.47806,0.353255,0.883919,18,0,100,1000,0.2,1,0.8335,12.35,0.3533
gooaq-distilroberta-768-normalized,adsampling,0.775483,1.37853,0.345126,0.875669,16,0,100,1000,0.2,1,0.7786,1.57,0.3451
gooaq-distilroberta-768-normalized,adsampling,0.743388,1.3124,0.333029,0.865879,14,0,100,1000,0.2,1,0.7515,5.138,0.333
gooaq-distilroberta-768-normalized,adsampling,0.694541,1.21483,0.311175,0.851579,12,0,100,1000,0.2,1,0.7011,5.225,0.3112
gooaq-distilroberta-768-normalized,adsampling,0.628211,1.09632,0.302733,0.83509,10,0,100,1000,0.2,1,0.6422,11.87,0.3027
gooaq-distilroberta-768-normalized,adsampling,0.57786,0.985941,0.2838,0.812349,8,0,100,1000,0.2,1,0.5812,1.159,0.2838
gooaq-distilroberta-768-normalized,adsampling,0.504156,0.805963,0.259878,0.780009,6,0,100,1000,0.2,1,0.506,0.9133,0.2599
gooaq-distilroberta-768-normalized,adsampling,0.424514,0.637449,0.234828,0.72914,4,0,100,1000,0.2,1,0.4273,1.075,0.2348
gooaq-distilroberta-768-normalized,adsampling,0.319702,0.463606,0.193076,0.62092,2,0,100,1000,0.2,1,0.3327,11.69,0.1931
gooaq-distilroberta-768-normalized,adsampling,0.231737,0.329051,0.140542,0.476,1,0,100,1000,0.2,1,0.238,4.697,0.1405
gist-960-euclidean,adsampling,24.2603,47.0268,5.89287,0.993108,2048,0,100,1000,0.2,1,24.47,56.74,5.893
gist-960-euclidean,adsampling,20.6288,40.8245,4.61522,0.991008,1536,0,100,1000,0.2,1,20.89,48.48,4.615
gist-960-euclidean,adsampling,16.8499,34.4524,3.38713,0.990558,1024,0,100,1000,0.2,1,17.03,38.94,3.387
gist-960-euclidean,adsampling,11.4419,24.2509,2.00554,0.984947,512,0,100,1000,0.2,1,11.55,28.58,2.006
gist-960-euclidean,adsampling,9.59252,19.7792,1.66433,0.978337,384,0,100,1000,0.2,1,9.739,28.2,1.664
gist-960-euclidean,adsampling,7.5639,15.6471,1.28749,0.960428,256,0,100,1000,0.2,1,7.617,19.42,1.287
gist-960-euclidean,adsampling,6.93781,13.9912,1.17776,0.953728,224,0,100,1000,0.2,1,7.032,22.91,1.178
gist-960-euclidean,adsampling,6.30804,12.3393,1.07279,0.942869,192,0,100,1000,0.2,1,6.386,21.73,1.073
gist-960-euclidean,adsampling,5.62359,10.9191,0.992281,0.925289,160,0,100,1000,0.2,1,5.703,18.44,0.9923
gist-960-euclidean,adsampling,5.27014,10.3819,0.928016,0.914889,144,0,100,1000,0.2,1,5.332,17.76,0.928
gist-960-euclidean,adsampling,4.88406,9.34359,0.873779,0.90295,128,0,100,1000,0.2,1,4.951,18.92,0.8738
gist-960-euclidean,adsampling,4.4741,8.60778,0.811371,0.888789,112,0,100,1000,0.2,1,4.556,17.11,0.8114
gist-960-euclidean,adsampling,4.07192,7.7799,0.785056,0.87177,96,0,100,1000,0.2,1,4.148,17.43,0.7851
gist-960-euclidean,adsampling,3.62187,6.63005,0.702511,0.84317,80,0,100,1000,0.2,1,3.685,15.92,0.7025
gist-960-euclidean,adsampling,3.13678,5.75241,0.629672,0.80608,64,0,100,1000,0.2,1,3.189,14.34,0.6297
gist-960-euclidean,adsampling,2.85843,5.18835,0.612965,0.78271,56,0,100,1000,0.2,1,2.91,15.51,0.613
gist-960-euclidean,adsampling,3.0297,6.03366,0.748614,0.75324,48,0,100,1000,0.2,1,3.212,16.05,0.7486
gist-960-euclidean,adsampling,3.48388,6.18654,0.895509,0.719099,40,0,100,1000,0.2,1,3.581,9.143,0.7171
gist-960-euclidean,adsampling,2.59572,4.60486,0.631388,0.675569,32,0,100,1000,0.2,1,2.7,7.993,0.535
gist-960-euclidean,adsampling,1.87945,3.21367,0.556762,0.64804,28,0,100,1000,0.2,1,1.904,16.32,0.4803
gist-960-euclidean,adsampling,1.78315,3.03238,0.490371,0.63323,26,0,100,1000,0.2,1,1.796,3.955,0.4573
gist-960-euclidean,adsampling,1.68063,2.81928,0.483611,0.61625,24,0,100,1000,0.2,1,1.694,3.596,0.4542
gist-960-euclidean,adsampling,1.58845,2.67892,0.497188,0.59812,22,0,100,1000,0.2,1,1.613,14.32,0.4396
gist-960-euclidean,adsampling,1.53262,2.5854,0.479669,0.57693,20,0,100,1000,0.2,1,1.545,3.214,0.4326
gist-960-euclidean,adsampling,1.4351,2.38319,0.464908,0.55562,18,0,100,1000,0.2,1,1.448,2.958,0.4289
gist-960-euclidean,adsampling,1.31063,2.17822,0.447196,0.52982,16,0,100,1000,0.2,1,1.323,2.668,0.4101
gist-960-euclidean,adsampling,1.20508,1.97248,0.435854,0.50118,14,0,100,1000,0.2,1,1.218,2.407,0.3821
gist-960-euclidean,adsampling,1.11537,1.80528,0.416942,0.46927,12,0,100,1000,0.2,1,1.126,2.216,0.3775
gist-960-euclidean,adsampling,0.991582,1.57123,0.417544,0.43361,10,0,100,1000,0.2,1,1.002,1.969,0.3568
gist-960-euclidean,adsampling,0.887625,1.40996,0.366149,0.38994,8,0,100,1000,0.2,1,0.8967,1.719,0.32
gist-960-euclidean,adsampling,0.748525,1.16415,0.327166,0.33472,6,0,100,1000,0.2,1,0.7546,1.315,0.3195
gist-960-euclidean,adsampling,0.606583,0.929382,0.288288,0.26701,4,0,100,1000,0.2,1,0.6238,13.73,0.2883
gist-960-euclidean,adsampling,0.431962,0.629774,0.239786,0.17095,2,0,100,1000,0.2,1,0.434,0.7467,0.214
gist-960-euclidean,adsampling,0.310904,0.445966,0.183406,0.10583,1,0,100,1000,0.2,1,0.3124,0.5266,0.1834
agnews-mxbai-1024-euclidean,adsampling,14.2283,28.7326,3.28393,0.995529,2048,0,100,1000,0.2,1,14.77,41.55,3.284
agnews-mxbai-1024-euclidean,adsampling,11.0055,22.3936,2.3658,0.991508,1536,0,100,1000,0.2,1,11.36,32.42,2.366
agnews-mxbai-1024-euclidean,adsampling,8.50008,17.2943,1.85073,0.991218,1024,0,100,1000,0.2,1,8.772,24.67,1.851
agnews-mxbai-1024-euclidean,adsampling,5.4923,11.1005,1.23876,0.989099,512,0,100,1000,0.2,1,5.629,15.31,1.239
agnews-mxbai-1024-euclidean,adsampling,4.62947,9.23814,1.05404,0.986999,384,0,100,1000,0.2,1,4.726,12.39,1.054
agnews-mxbai-1024-euclidean,adsampling,3.64041,7.30587,0.849645,0.983568,256,0,100,1000,0.2,1,3.686,9.298,0.8496
agnews-mxbai-1024-euclidean,adsampling,3.39068,6.69637,0.782326,0.981789,224,0,100,1000,0.2,1,3.442,16.44,0.7823
agnews-mxbai-1024-euclidean,adsampling,3.09806,6.22172,0.720933,0.979659,192,0,100,1000,0.2,1,3.125,7.78,0.7209
agnews-mxbai-1024-euclidean,adsampling,2.81063,5.59011,0.659377,0.976619,160,0,100,1000,0.2,1,2.829,7.102,0.6594
agnews-mxbai-1024-euclidean,adsampling,2.65772,5.21253,0.633435,0.974919,144,0,100,1000,0.2,1,2.672,6.767,0.6334
agnews-mxbai-1024-euclidean,adsampling,2.47983,4.8288,0.597485,0.973099,128,0,100,1000,0.2,1,2.495,6.19,0.5975
agnews-mxbai-1024-euclidean,adsampling,2.32282,4.50848,0.562278,0.969478,112,0,100,1000,0.2,1,2.334,5.403,0.5623
agnews-mxbai-1024-euclidean,adsampling,2.12795,4.19215,0.5266,0.962958,96,0,100,1000,0.2,1,2.138,5.202,0.5266
agnews-mxbai-1024-euclidean,adsampling,1.94981,3.73817,0.483237,0.960518,80,0,100,1000,0.2,1,1.961,4.607,0.4832
agnews-mxbai-1024-euclidean,adsampling,1.73873,3.28933,0.456171,0.950328,64,0,100,1000,0.2,1,1.748,3.992,0.4562
agnews-mxbai-1024-euclidean,adsampling,1.62362,3.04344,0.443068,0.946988,56,0,100,1000,0.2,1,1.63,3.585,0.4431
agnews-mxbai-1024-euclidean,adsampling,1.51667,2.8066,0.424977,0.940878,48,0,100,1000,0.2,1,1.52,3.212,0.425
agnews-mxbai-1024-euclidean,adsampling,1.38705,2.57617,0.397691,0.930738,40,0,100,1000,0.2,1,1.39,2.823,0.3977
agnews-mxbai-1024-euclidean,adsampling,1.24111,2.13527,0.380395,0.918489,32,0,100,1000,0.2,1,1.26,14.76,0.3804
agnews-mxbai-1024-euclidean,adsampling,1.17008,2.03916,0.373049,0.911749,28,0,100,1000,0.2,1,1.173,2.319,0.373
agnews-mxbai-1024-euclidean,adsampling,1.13041,1.95725,0.373594,0.906599,26,0,100,1000,0.2,1,1.133,2.21,0.3736
agnews-mxbai-1024-euclidean,adsampling,1.08891,1.85845,0.366243,0.89988,24,0,100,1000,0.2,1,1.091,2.093,0.3662
agnews-mxbai-1024-euclidean,adsampling,1.04709,1.7652,0.361505,0.89472,22,0,100,1000,0.2,1,1.049,1.998,0.3615
agnews-mxbai-1024-euclidean,adsampling,1.00017,1.69405,0.361452,0.88749,20,0,100,1000,0.2,1,1.002,1.883,0.3615
agnews-mxbai-1024-euclidean,adsampling,0.956323,1.60914,0.353839,0.879589,18,0,100,1000,0.2,1,0.9578,1.711,0.3538
agnews-mxbai-1024-euclidean,adsampling,0.906858,1.51242,0.347347,0.868879,16,0,100,1000,0.2,1,0.9083,1.635,0.3473
agnews-mxbai-1024-euclidean,adsampling,0.853417,1.39901,0.344433,0.856729,14,0,100,1000,0.2,1,0.8547,1.552,0.3444
agnews-mxbai-1024-euclidean,adsampling,0.79943,1.28179,0.368546,0.840969,12,0,100,1000,0.2,1,0.8011,1.421,0.3685
agnews-mxbai-1024-euclidean,adsampling,0.741582,1.16077,0.348911,0.81969,10,0,100,1000,0.2,1,0.7427,1.292,0.3489
agnews-mxbai-1024-euclidean,adsampling,0.677085,1.02324,0.331214,0.796289,8,0,100,1000,0.2,1,0.6789,1.204,0.3312
agnews-mxbai-1024-euclidean,adsampling,0.601001,0.887235,0.327529,0.7606,6,0,100,1000,0.2,1,0.6031,1.071,0.3275
agnews-mxbai-1024-euclidean,adsampling,0.508895,0.72946,0.314722,0.70201,4,0,100,1000,0.2,1,0.5107,0.8329,0.3147
agnews-mxbai-1024-euclidean,adsampling,0.392772,0.524095,0.26725,0.58013,2,0,100,1000,0.2,1,0.396,0.6251,0.2672
agnews-mxbai-1024-euclidean,adsampling,0.299656,0.392036,0.21027,0.43657,1,0,100,1000,0.2,1,0.3021,0.4476,0.2032
openai-1536-angular,adsampling,35.9893,71.4101,9.87766,0.994198,2048,0,100,1000,0.2,1,37.03,99.86,9.878
openai-1536-angular,adsampling,22.2864,42.2207,5.54112,0.988797,1536,0,100,1000,0.2,1,22.53,61.09,5.541
openai-1536-angular,adsampling,16.0551,30.0949,4.01725,0.986467,1024,0,100,1000,0.2,1,16.42,50.29,4.017
openai-1536-angular,adsampling,10.3585,19.345,2.65815,0.976668,512,0,100,1000,0.2,1,10.54,29.19,2.658
openai-1536-angular,adsampling,8.6191,15.9817,2.26949,0.970088,384,0,100,1000,0.2,1,8.779,28.13,2.269
openai-1536-angular,adsampling,6.78531,12.5101,1.84594,0.957639,256,0,100,1000,0.2,1,6.909,21.57,1.846
openai-1536-angular,adsampling,6.30294,11.6185,1.81865,0.953988,224,0,100,1000,0.2,1,6.408,23.74,1.819
openai-1536-angular,adsampling,5.76179,10.6059,1.59789,0.948108,192,0,100,1000,0.2,1,5.85,19.29,1.598
openai-1536-angular,adsampling,5.19337,9.37428,1.45703,0.940848,160,0,100,1000,0.2,1,5.283,23.13,1.457
openai-1536-angular,adsampling,4.89,8.73934,1.38552,0.935598,144,0,100,1000,0.2,1,4.96,20.35,1.386
openai-1536-angular,adsampling,4.58649,8.27534,1.30542,0.929248,128,0,100,1000,0.2,1,4.644,16.14,1.305
openai-1536-angular,adsampling,4.27056,7.70634,1.21523,0.924139,112,0,100,1000,0.2,1,4.319,15.21,1.215
openai-1536-angular,adsampling,3.92006,6.95096,1.14136,0.915159,96,0,100,1000,0.2,1,3.969,16.23,1.141
openai-1536-angular,adsampling,3.56278,6.28034,1.0884,0.906129,80,0,100,1000,0.2,1,3.604,15.3,1.088
openai-1536-angular,adsampling,3.17369,5.49886,0.972257,0.892769,64,0,100,1000,0.2,1,3.208,16.47,0.9723
openai-1536-angular,adsampling,2.96209,5.10956,0.941278,0.882879,56,0,100,1000,0.2,1,2.994,16.41,0.9413
openai-1536-angular,adsampling,2.73702,4.5984,0.923373,0.874479,48,0,100,1000,0.2,1,2.77,15.59,0.9234
openai-1536-angular,adsampling,2.50683,4.18644,0.855275,0.86261,40,0,100,1000,0.2,1,2.533,15.64,0.8553
openai-1536-angular,adsampling,2.24682,3.6652,0.91664,0.846499,32,0,100,1000,0.2,1,2.274,17.44,0.8146
openai-1536-angular,adsampling,2.1135,3.4149,0.882791,0.83604,28,0,100,1000,0.2,1,2.12,3.637,0.7971
openai-1536-angular,adsampling,2.04127,3.25502,0.856612,0.829999,26,0,100,1000,0.2,1,2.061,15.02,0.7783
openai-1536-angular,adsampling,1.9686,3.12159,0.849752,0.823409,24,0,100,1000,0.2,1,1.989,16.15,0.7525
openai-1536-angular,adsampling,1.89408,2.97987,0.841353,0.816039,22,0,100,1000,0.2,1,1.898,3.117,0.7461
openai-1536-angular,adsampling,1.81366,2.81494,0.817389,0.80715,20,0,100,1000,0.2,1,1.83,14.43,0.7413
openai-1536-angular,adsampling,1.7325,2.65649,0.825764,0.79817,18,0,100,1000,0.2,1,1.749,15.7,0.7035
openai-1536-angular,adsampling,1.63376,2.4908,0.785648,0.78819,16,0,100,1000,0.2,1,1.648,14.21,0.6816
openai-1536-angular,adsampling,1.52988,2.27641,0.774503,0.77596,14,0,100,1000,0.2,1,1.531,2.469,0.6638
openai-1536-angular,adsampling,1.44947,2.14593,0.756926,0.761199,12,0,100,1000,0.2,1,1.451,2.426,0.6372
openai-1536-angular,adsampling,1.35197,1.93304,0.753493,0.742419,10,0,100,1000,0.2,1,1.352,2.112,0.6351
openai-1536-angular,adsampling,1.22571,1.71763,0.732469,0.71759,8,0,100,1000,0.2,1,1.225,1.855,0.6108
openai-1536-angular,adsampling,1.09454,1.49879,0.686408,0.68373,6,0,100,1000,0.2,1,1.096,1.672,0.6033
openai-1536-angular,adsampling,0.954769,1.27764,0.628576,0.63106,4,0,100,1000,0.2,1,0.9689,13.88,0.5832
openai-1536-angular,adsampling,0.754796,1.00993,0.509071,0.52259,2,0,100,1000,0.2,1,0.7571,1.088,0.5091
openai-1536-angular,adsampling,0.597675,0.77406,0.426799,0.39457,1,0,100,1000,0.2,1,0.6142,14.4,0.4268
celeba-resnet-2048-cosine,adsampling,5.28627,9.84781,2.06155,0.994859,512,0,100,1000,0.2,1,5.59,19.25,2.062
celeba-resnet-2048-cosine,adsampling,4.72484,8.79849,1.7152,0.993448,384,0,100,1000,0.2,1,4.943,24.17,1.715
celeba-resnet-2048-cosine,adsampling,4.25746,7.73959,1.61347,0.993198,256,0,100,1000,0.2,1,4.416,19.03,1.613
celeba-resnet-2048-cosine,adsampling,4.10156,7.44768,1.55606,0.992988,224,0,100,1000,0.2,1,4.242,18.79,1.556
celeba-resnet-2048-cosine,adsampling,3.92257,7.08464,1.52457,0.992488,192,0,100,1000,0.2,1,4.052,16.82,1.525
celeba-resnet-2048-cosine,adsampling,3.73121,6.71329,1.50041,0.991768,160,0,100,1000,0.2,1,3.822,11.01,1.5
celeba-resnet-2048-cosine,adsampling,3.63298,6.49375,1.50654,0.991128,144,0,100,1000,0.2,1,3.723,17.75,1.507
celeba-resnet-2048-cosine,adsampling,3.50802,6.27137,1.45926,0.989878,128,0,100,1000,0.2,1,3.574,10.16,1.459
celeba-resnet-2048-cosine,adsampling,3.38423,5.97645,1.43726,0.988498,112,0,100,1000,0.2,1,3.436,9.489,1.437
celeba-resnet-2048-cosine,adsampling,3.24101,5.67808,1.39597,0.986318,96,0,100,1000,0.2,1,3.296,16.94,1.396
celeba-resnet-2048-cosine,adsampling,3.07608,5.21913,1.37063,0.982088,80,0,100,1000,0.2,1,3.125,18.34,1.371
celeba-resnet-2048-cosine,adsampling,2.89793,4.87639,1.28439,0.975998,64,0,100,1000,0.2,1,2.931,17.14,1.284
celeba-resnet-2048-cosine,adsampling,2.78967,4.60032,1.27033,0.970378,56,0,100,1000,0.2,1,2.821,16.74,1.27
celeba-resnet-2048-cosine,adsampling,2.67167,4.30667,1.24517,0.964538,48,0,100,1000,0.2,1,2.702,17.26,1.245
celeba-resnet-2048-cosine,adsampling,2.51744,3.83063,1.18122,0.953598,40,0,100,1000,0.2,1,2.544,16.27,1.181
celeba-resnet-2048-cosine,adsampling,2.37801,3.66719,1.16762,0.937129,32,0,100,1000,0.2,1,2.401,15.28,1.168
celeba-resnet-2048-cosine,adsampling,2.29297,3.40946,1.14815,0.921759,28,0,100,1000,0.2,1,2.314,15.57,1.148
celeba-resnet-2048-cosine,adsampling,2.24183,3.32164,1.13597,0.915669,26,0,100,1000,0.2,1,2.249,4.079,1.136
celeba-resnet-2048-cosine,adsampling,2.1828,3.22244,1.1309,0.902319,24,0,100,1000,0.2,1,2.19,3.887,1.131
celeba-resnet-2048-cosine,adsampling,2.13221,3.15697,1.114,0.895919,22,0,100,1000,0.2,1,2.141,3.799,1.114
celeba-resnet-2048-cosine,adsampling,2.07681,3.0213,1.14084,0.886039,20,0,100,1000,0.2,1,2.097,15.67,1.103
celeba-resnet-2048-cosine,adsampling,2.01486,2.86914,1.22289,0.871029,18,0,100,1000,0.2,1,2.034,16.23,1.098
celeba-resnet-2048-cosine,adsampling,1.91841,2.74479,1.11629,0.850809,16,0,100,1000,0.2,1,1.923,3.051,1.078
celeba-resnet-2048-cosine,adsampling,1.83762,2.53133,1.10906,0.826019,14,0,100,1000,0.2,1,1.843,3.111,1.056
celeba-resnet-2048-cosine,adsampling,1.78232,2.49818,1.08783,0.80145,12,0,100,1000,0.2,1,1.799,16.14,1.088
celeba-resnet-2048-cosine,adsampling,1.68554,2.31277,1.05608,0.77076,10,0,100,1000,0.2,1,1.691,2.569,1.056
celeba-resnet-2048-cosine,adsampling,1.57862,2.12306,1.05034,0.72632,8,0,100,1000,0.2,1,1.583,2.362,1.05
celeba-resnet-2048-cosine,adsampling,1.44159,1.94019,1.02032,0.6588,6,0,100,1000,0.2,1,1.445,2.05,1.02
celeba-resnet-2048-cosine,adsampling,1.27108,1.67455,0.956817,0.55767,4,0,100,1000,0.2,1,1.275,1.781,0.9568
celeba-resnet-2048-cosine,adsampling,1.03734,1.3253,0.770444,0.37858,2,0,100,1000,0.2,1,1.043,1.457,0.7704
celeba-resnet-2048-cosine,adsampling,0.859863,1.05951,0.687875,0.2399,1,0,100,1000,0.2,1,0.8629,1.194,0.6879
simplewiki-openai-3072-normalized,adsampling,19.2011,34.414,7.36386,0.987739,2048,0,100,1000,0.2,1,19.87,84.7,7.364
simplewiki-openai-3072-normalized,adsampling,16.6073,29.0216,6.77909,0.987479,1536,0,100,1000,0.2,1,17.19,74.84,6.779
simplewiki-openai-3072-normalized,adsampling,13.6131,23.6565,5.97617,0.986238,1024,0,100,1000,0.2,1,14.05,60.28,5.976
simplewiki-openai-3072-normalized,adsampling,9.29973,16.0562,4.02116,0.980197,512,0,100,1000,0.2,1,9.534,36.94,4.021
simplewiki-openai-3072-normalized,adsampling,8.21622,14.1944,3.72881,0.977428,384,0,100,1000,0.2,1,8.347,30.81,3.729
simplewiki-openai-3072-normalized,adsampling,6.99591,11.838,3.29783,0.971998,256,0,100,1000,0.2,1,7.087,25.52,3.298
simplewiki-openai-3072-normalized,adsampling,6.63964,11.105,3.2214,0.969898,224,0,100,1000,0.2,1,6.721,22.14,3.221
simplewiki-openai-3072-normalized,adsampling,6.27251,10.388,3.03802,0.966727,192,0,100,1000,0.2,1,6.325,20.09,3.038
simplewiki-openai-3072-normalized,adsampling,5.87532,9.59023,2.83022,0.963108,160,0,100,1000,0.2,1,5.915,17.83,2.83
simplewiki-openai-3072-normalized,adsampling,5.66656,9.33621,2.7463,0.960268,144,0,100,1000,0.2,1,5.714,19.51,2.746
simplewiki-openai-3072-normalized,adsampling,5.43844,8.89508,2.60204,0.957518,128,0,100,1000,0.2,1,5.469,15.83,2.602
simplewiki-openai-3072-normalized,adsampling,5.19945,8.27663,2.54252,0.952108,112,0,100,1000,0.2,1,5.228,14.66,2.543
simplewiki-openai-3072-normalized,adsampling,4.94257,7.82405,2.41543,0.948278,96,0,100,1000,0.2,1,4.965,13.05,2.415
simplewiki-openai-3072-normalized,adsampling,4.67647,7.38431,2.38024,0.941128,80,0,100,1000,0.2,1,4.693,11.8,2.38
simplewiki-openai-3072-normalized,adsampling,4.36308,6.76096,2.32281,0.931398,64,0,100,1000,0.2,1,4.377,10.34,2.323
simplewiki-openai-3072-normalized,adsampling,4.19647,6.44743,2.28088,0.925248,56,0,100,1000,0.2,1,4.207,9.519,2.281
simplewiki-openai-3072-normalized,adsampling,4.01209,6.02041,2.26324,0.918149,48,0,100,1000,0.2,1,4.021,8.793,2.263
simplewiki-openai-3072-normalized,adsampling,3.8077,5.5126,2.23589,0.907029,40,0,100,1000,0.2,1,3.816,8.065,2.236
simplewiki-openai-3072-normalized,adsampling,3.58013,5.0045,2.18963,0.894099,32,0,100,1000,0.2,1,3.587,7.324,2.19
simplewiki-openai-3072-normalized,adsampling,3.46299,4.77993,2.1893,0.886709,28,0,100,1000,0.2,1,3.485,18.8,2.189
simplewiki-openai-3072-normalized,adsampling,3.40145,4.66218,2.16981,0.882019,26,0,100,1000,0.2,1,3.408,6.717,2.17
simplewiki-openai-3072-normalized,adsampling,3.33423,4.51586,2.18771,0.874789,24,0,100,1000,0.2,1,3.34,6.568,2.188
simplewiki-openai-3072-normalized,adsampling,3.26112,4.37286,2.16039,0.869799,22,0,100,1000,0.2,1,3.267,6.366,2.16
simplewiki-openai-3072-normalized,adsampling,3.18594,4.30518,2.16698,0.863649,20,0,100,1000,0.2,1,3.194,6.051,2.167
simplewiki-openai-3072-normalized,adsampling,3.10636,4.15366,2.13934,0.85637,18,0,100,1000,0.2,1,3.111,5.648,2.139
simplewiki-openai-3072-normalized,adsampling,3.02027,3.95458,2.12416,0.84667,16,0,100,1000,0.2,1,3.025,5.285,2.124
simplewiki-openai-3072-normalized,adsampling,2.92988,3.81842,2.08243,0.834129,14,0,100,1000,0.2,1,2.937,5.664,2.019
simplewiki-openai-3072-normalized,adsampling,2.83258,3.639,2.05015,0.820279,12,0,100,1000,0.2,1,2.837,4.576,1.999
simplewiki-openai-3072-normalized,adsampling,2.72335,3.44729,2.02739,0.802009,10,0,100,1000,0.2,1,2.728,4.192,2.027
simplewiki-openai-3072-normalized,adsampling,2.59953,3.1934,2.00984,0.77601,8,0,100,1000,0.2,1,2.606,5.089,1.964
simplewiki-openai-3072-normalized,adsampling,2.45839,2.95295,1.9769,0.74007,6,0,100,1000,0.2,1,2.463,3.489,1.894
simplewiki-openai-3072-normalized,adsampling,2.28876,2.6911,1.88781,0.68066,4,0,100,1000,0.2,1,2.295,3.178,1.888
simplewiki-openai-3072-normalized,adsampling,2.03691,2.33116,1.7458,0.55434,2,0,100,1000,0.2,1,2.042,2.517,1.746
simplewiki-openai-3072-normalized,adsampling,1.85033,2.05372,1.66842,0.4137,1,0,100,1000,0.2,1,1.859,4.28,1.668
